t,plant,axis,organ,Uptake_Nitrates
0,1,MS,roots,NA
1,1,MS,roots,NA
2,1,MS,roots,NA
3,1,MS,roots,NA
4,1,MS,roots,NA
5,1,MS,roots,NA
6,1,MS,roots,NA
7,1,MS,roots,NA
8,1,MS,roots,NA
9,1,MS,roots,NA
10,1,MS,roots,NA
11,1,MS,roots,NA
12,1,MS,roots,NA
13,1,MS,roots,NA
14,1,MS,roots,NA
15,1,MS,roots,NA
16,1,MS,roots,NA
17,1,MS,roots,NA
18,1,MS,roots,NA
19,1,MS,roots,NA
20,1,MS,roots,NA
21,1,MS,roots,NA
22,1,MS,roots,NA
23,1,MS,roots,NA
24,1,MS,roots,NA
25,1,MS,roots,NA
26,1,MS,roots,NA
27,1,MS,roots,NA
28,1,MS,roots,NA
29,1,MS,roots,NA
30,1,MS,roots,NA
31,1,MS,roots,NA
32,1,MS,roots,NA
33,1,MS,roots,NA
34,1,MS,roots,NA
35,1,MS,roots,NA
36,1,MS,roots,NA
37,1,MS,roots,NA
38,1,MS,roots,NA
39,1,MS,roots,NA
40,1,MS,roots,NA
41,1,MS,roots,NA
42,1,MS,roots,NA
43,1,MS,roots,NA
44,1,MS,roots,NA
45,1,MS,roots,NA
46,1,MS,roots,NA
47,1,MS,roots,NA
48,1,MS,roots,NA
49,1,MS,roots,NA
50,1,MS,roots,NA
51,1,MS,roots,NA
52,1,MS,roots,NA
53,1,MS,roots,NA
54,1,MS,roots,NA
55,1,MS,roots,NA
56,1,MS,roots,NA
57,1,MS,roots,NA
58,1,MS,roots,NA
59,1,MS,roots,NA
60,1,MS,roots,NA
61,1,MS,roots,NA
62,1,MS,roots,NA
63,1,MS,roots,NA
64,1,MS,roots,NA
65,1,MS,roots,NA
66,1,MS,roots,NA
67,1,MS,roots,NA
68,1,MS,roots,NA
69,1,MS,roots,NA
70,1,MS,roots,NA
71,1,MS,roots,0.00129724
72,1,MS,roots,0.00127769
73,1,MS,roots,-0.00010005
74,1,MS,roots,-0.00003844
75,1,MS,roots,0.00001221
76,1,MS,roots,0.00005453
77,1,MS,roots,0.00009079
78,1,MS,roots,0.00012172
79,1,MS,roots,0.00014959
80,1,MS,roots,0.00017538
81,1,MS,roots,0.00019973
82,1,MS,roots,0.00022436
83,1,MS,roots,0.00024588
84,1,MS,roots,0.00026224
85,1,MS,roots,0.00027486
86,1,MS,roots,0.00028671
87,1,MS,roots,0.00029774
88,1,MS,roots,0.0003089
89,1,MS,roots,0.00032122
90,1,MS,roots,0.00033337
91,1,MS,roots,0.00034485
92,1,MS,roots,0.00035525
93,1,MS,roots,0.00036515
94,1,MS,roots,0.00037368
95,1,MS,roots,0.00038048
96,1,MS,roots,0.00038822
97,1,MS,roots,0.00039621
98,1,MS,roots,0.00040268
99,1,MS,roots,0.00041058
100,1,MS,roots,0.00041855
101,1,MS,roots,0.00043075
102,1,MS,roots,0.00044239
103,1,MS,roots,0.00045392
104,1,MS,roots,0.00046409
105,1,MS,roots,0.00047719
106,1,MS,roots,0.00049242
107,1,MS,roots,0.00050846
108,1,MS,roots,0.00052644
109,1,MS,roots,0.00054649
110,1,MS,roots,0.00056762
111,1,MS,roots,0.00059179
112,1,MS,roots,0.00061941
113,1,MS,roots,0.00064842
114,1,MS,roots,0.00067856
115,1,MS,roots,0.0007073
116,1,MS,roots,0.000733
117,1,MS,roots,0.00075695
118,1,MS,roots,0.00078043
119,1,MS,roots,0.00080179
120,1,MS,roots,0.00082219
121,1,MS,roots,0.00084352
122,1,MS,roots,0.00086458
123,1,MS,roots,0.00088732
124,1,MS,roots,0.00091267
125,1,MS,roots,0.00093941
126,1,MS,roots,0.00096721
127,1,MS,roots,0.00099029
128,1,MS,roots,0.00101734
129,1,MS,roots,0.00105201
130,1,MS,roots,0.00108618
131,1,MS,roots,0.00112436
132,1,MS,roots,0.001167
133,1,MS,roots,0.00121409
134,1,MS,roots,0.00126541
135,1,MS,roots,0.00132149
136,1,MS,roots,0.00138592
137,1,MS,roots,0.00145456
138,1,MS,roots,0.00152879
139,1,MS,roots,0.00160266
140,1,MS,roots,0.00167376
141,1,MS,roots,0.00174454
142,1,MS,roots,0.00180997
143,1,MS,roots,0.00187718
144,1,MS,roots,0.00194523
145,1,MS,roots,0.002005
146,1,MS,roots,0.00206734
147,1,MS,roots,0.00213196
148,1,MS,roots,0.00220712
149,1,MS,roots,0.00228139
150,1,MS,roots,0.00236479
151,1,MS,roots,0.00245399
152,1,MS,roots,0.00252685
153,1,MS,roots,0.00263186
154,1,MS,roots,0.0027014
155,1,MS,roots,0.00282416
156,1,MS,roots,0.002899
157,1,MS,roots,0.00304986
158,1,MS,roots,0.00314573
159,1,MS,roots,0.00333401
160,1,MS,roots,0.00341926
161,1,MS,roots,0.00366476
162,1,MS,roots,0.00368344
163,1,MS,roots,0.0040524
164,1,MS,roots,0.00389357
165,1,MS,roots,0.00454447
166,1,MS,roots,0.00389715
167,1,MS,roots,0.00525845
168,1,MS,roots,0.00344096
169,1,MS,roots,0.00636065
170,1,MS,roots,0.00223089
171,1,MS,roots,0.00744452
172,1,MS,roots,0.00104142
173,1,MS,roots,0.00742355
174,1,MS,roots,0.00164443
175,1,MS,roots,0.0079891
176,1,MS,roots,0.00128962
177,1,MS,roots,0.00813053
178,1,MS,roots,0.00170868
179,1,MS,roots,0.00863615
180,1,MS,roots,0.00151715
181,1,MS,roots,0.00884265
182,1,MS,roots,0.00190114
183,1,MS,roots,0.00932425
184,1,MS,roots,0.00171232
185,1,MS,roots,0.00960706
186,1,MS,roots,0.00197037
187,1,MS,roots,0.01011417
188,1,MS,roots,0.00195548
189,1,MS,roots,0.01039256
190,1,MS,roots,0.00248328
191,1,MS,roots,0.01061982
192,1,MS,roots,0.002781
193,1,MS,roots,0.01058803
194,1,MS,roots,0.00327109
195,1,MS,roots,0.01058854
196,1,MS,roots,0.003648
197,1,MS,roots,0.01043561
198,1,MS,roots,0.00417785
199,1,MS,roots,0.01017726
200,1,MS,roots,0.00471188
201,1,MS,roots,0.00980498
202,1,MS,roots,0.00524851
203,1,MS,roots,0.00945609
204,1,MS,roots,0.00574735
205,1,MS,roots,0.00908689
206,1,MS,roots,0.00620565
207,1,MS,roots,0.00875227
208,1,MS,roots,0.00661612
209,1,MS,roots,0.00846634
210,1,MS,roots,0.00697332
211,1,MS,roots,0.00832711
212,1,MS,roots,0.00729429
213,1,MS,roots,0.00828294
214,1,MS,roots,0.00755186
215,1,MS,roots,0.00826341
216,1,MS,roots,0.00779739
217,1,MS,roots,0.00824092
218,1,MS,roots,0.00810328
219,1,MS,roots,0.00828393
220,1,MS,roots,0.00825862
221,1,MS,roots,0.00834571
222,1,MS,roots,0.008359
223,1,MS,roots,0.00841518
224,1,MS,roots,0.00845375
225,1,MS,roots,0.00850939
226,1,MS,roots,0.00857574
227,1,MS,roots,0.00866542
228,1,MS,roots,0.00877686
229,1,MS,roots,0.00890998
230,1,MS,roots,0.00924559
231,1,MS,roots,0.00910574
232,1,MS,roots,0.00933771
233,1,MS,roots,0.0093844
234,1,MS,roots,0.00963342
235,1,MS,roots,0.00985057
236,1,MS,roots,0.01010346
237,1,MS,roots,0.01023454
238,1,MS,roots,0.01047034
239,1,MS,roots,0.01064694
240,1,MS,roots,0.01072446
241,1,MS,roots,0.01076353
242,1,MS,roots,0.01110384
243,1,MS,roots,0.0110794
244,1,MS,roots,0.00925509
245,1,MS,roots,0.01051473
246,1,MS,roots,0.01011445
247,1,MS,roots,0.01039873
248,1,MS,roots,0.01028207
249,1,MS,roots,0.01031417
250,1,MS,roots,0.01028975
251,1,MS,roots,0.01029212
252,1,MS,roots,0.01029289
253,1,MS,roots,0.01031514
254,1,MS,roots,0.01035704
255,1,MS,roots,0.01037724
256,1,MS,roots,0.01040595
257,1,MS,roots,0.01054731
258,1,MS,roots,0.01071655
259,1,MS,roots,0.01082757
260,1,MS,roots,0.01099431
261,1,MS,roots,0.01113783
262,1,MS,roots,0.0112124
263,1,MS,roots,0.01128793
264,1,MS,roots,0.01129485
265,1,MS,roots,0.01122986
266,1,MS,roots,0.01104232
267,1,MS,roots,0.0107893
268,1,MS,roots,0.01065074
269,1,MS,roots,0.0105481
270,1,MS,roots,0.01047428
271,1,MS,roots,0.01042652
272,1,MS,roots,0.01040983
273,1,MS,roots,0.01041366
274,1,MS,roots,0.01045006
275,1,MS,roots,0.01052106
276,1,MS,roots,0.01061122
277,1,MS,roots,0.01073569
278,1,MS,roots,0.01089233
279,1,MS,roots,0.01109465
280,1,MS,roots,0.01131521
281,1,MS,roots,0.01180846
282,1,MS,roots,0.01271925
283,1,MS,roots,0.01363741
284,1,MS,roots,0.01439712
285,1,MS,roots,0.01521771
286,1,MS,roots,0.01589363
287,1,MS,roots,0.01642051
288,1,MS,roots,0.01682662
289,1,MS,roots,0.01664832
290,1,MS,roots,0.01617022
291,1,MS,roots,0.01583183
292,1,MS,roots,0.01563653
293,1,MS,roots,0.01555504
294,1,MS,roots,0.01555874
295,1,MS,roots,0.01564053
296,1,MS,roots,0.01579432
297,1,MS,roots,0.01600901
298,1,MS,roots,0.01625575
299,1,MS,roots,0.01655733
300,1,MS,roots,0.01681526
301,1,MS,roots,0.01728379
302,1,MS,roots,0.01761348
303,1,MS,roots,0.01808424
304,1,MS,roots,0.01847827
305,1,MS,roots,0.01909763
306,1,MS,roots,0.01990579
307,1,MS,roots,0.02118066
308,1,MS,roots,0.02206101
309,1,MS,roots,0.02299651
310,1,MS,roots,0.02457199
311,1,MS,roots,0.0249767
312,1,MS,roots,0.02456678
313,1,MS,roots,0.02410537
314,1,MS,roots,0.02339214
315,1,MS,roots,0.02265125
316,1,MS,roots,0.02215114
317,1,MS,roots,0.02172293
318,1,MS,roots,0.02140479
319,1,MS,roots,0.02110356
320,1,MS,roots,0.02078462
321,1,MS,roots,0.0206352
322,1,MS,roots,0.02038278
323,1,MS,roots,0.02022876
324,1,MS,roots,0.02003683
325,1,MS,roots,0.01990543
326,1,MS,roots,0.01981319
327,1,MS,roots,0.01972302
328,1,MS,roots,0.01962302
329,1,MS,roots,0.0199484
330,1,MS,roots,0.02109526
331,1,MS,roots,0.02269061
332,1,MS,roots,0.02437716
333,1,MS,roots,0.02682165
334,1,MS,roots,0.02788388
335,1,MS,roots,0.02921383
336,1,MS,roots,0.02951036
337,1,MS,roots,0.0280335
338,1,MS,roots,0.02601239
339,1,MS,roots,0.02403315
340,1,MS,roots,0.02241567
341,1,MS,roots,0.02123948
342,1,MS,roots,0.02019747
343,1,MS,roots,0.01940823
344,1,MS,roots,0.0187064
345,1,MS,roots,0.01825172
346,1,MS,roots,0.0178336
347,1,MS,roots,0.01747889
348,1,MS,roots,0.01713786
349,1,MS,roots,0.01684171
350,1,MS,roots,0.01654763
351,1,MS,roots,0.01634598
352,1,MS,roots,0.01618192
353,1,MS,roots,0.01620851
354,1,MS,roots,0.01650824
355,1,MS,roots,0.01689816
356,1,MS,roots,0.01724691
357,1,MS,roots,0.01763954
358,1,MS,roots,0.01847019
359,1,MS,roots,0.01923796
360,1,MS,roots,0.01967386
361,1,MS,roots,0.02015091
362,1,MS,roots,0.0198349
363,1,MS,roots,0.01897874
364,1,MS,roots,0.01826496
365,1,MS,roots,0.01770957
366,1,MS,roots,0.01722858
367,1,MS,roots,0.01684079
368,1,MS,roots,0.01653088
369,1,MS,roots,0.01627273
370,1,MS,roots,0.01604027
371,1,MS,roots,0.01598061
372,1,MS,roots,0.01599276
373,1,MS,roots,0.01604055
374,1,MS,roots,0.01609695
375,1,MS,roots,0.01615594
376,1,MS,roots,0.01620031
377,1,MS,roots,0.01647718
378,1,MS,roots,0.01738378
379,1,MS,roots,0.01891703
380,1,MS,roots,0.02092588
381,1,MS,roots,0.02320526
382,1,MS,roots,0.02529584
383,1,MS,roots,0.02669431
384,1,MS,roots,0.02707257
385,1,MS,roots,0.0267625
386,1,MS,roots,0.02603342
387,1,MS,roots,0.02524823
388,1,MS,roots,0.02461293
389,1,MS,roots,0.02406808
390,1,MS,roots,0.02352471
391,1,MS,roots,0.02305028
392,1,MS,roots,0.02263883
393,1,MS,roots,0.02223982
394,1,MS,roots,0.02191387
395,1,MS,roots,0.02165355
396,1,MS,roots,0.02147834
397,1,MS,roots,0.02131355
398,1,MS,roots,0.02119789
399,1,MS,roots,0.02108519
400,1,MS,roots,0.0209697
401,1,MS,roots,0.02109385
402,1,MS,roots,0.02208712
403,1,MS,roots,0.02414015
404,1,MS,roots,0.02653058
405,1,MS,roots,0.02937503
406,1,MS,roots,0.03297496
407,1,MS,roots,0.03652061
408,1,MS,roots,0.03895281
409,1,MS,roots,0.03962746
410,1,MS,roots,0.03837961
411,1,MS,roots,0.03593108
412,1,MS,roots,0.03356922
413,1,MS,roots,0.03158057
414,1,MS,roots,0.02975383
415,1,MS,roots,0.02822642
416,1,MS,roots,0.02682212
417,1,MS,roots,0.02559385
418,1,MS,roots,0.02458496
419,1,MS,roots,0.02366379
420,1,MS,roots,0.02287729
421,1,MS,roots,0.02219129
422,1,MS,roots,0.02155377
423,1,MS,roots,0.02107126
424,1,MS,roots,0.02075068
425,1,MS,roots,0.02101709
426,1,MS,roots,0.02230483
427,1,MS,roots,0.02441512
428,1,MS,roots,0.0269944
429,1,MS,roots,0.02895061
430,1,MS,roots,0.03055581
431,1,MS,roots,0.03260774
432,1,MS,roots,0.03410761
433,1,MS,roots,0.03424961
434,1,MS,roots,0.03327945
435,1,MS,roots,0.03180711
436,1,MS,roots,0.03039079
437,1,MS,roots,0.02920165
438,1,MS,roots,0.02813467
439,1,MS,roots,0.02714364
440,1,MS,roots,0.02630794
441,1,MS,roots,0.02552539
442,1,MS,roots,0.02488086
443,1,MS,roots,0.02435703
444,1,MS,roots,0.02394549
445,1,MS,roots,0.02363147
446,1,MS,roots,0.02338563
447,1,MS,roots,0.02321242
448,1,MS,roots,0.02305116
449,1,MS,roots,0.02346862
450,1,MS,roots,0.02547287
451,1,MS,roots,0.02971689
452,1,MS,roots,0.03533339
453,1,MS,roots,0.04054478
454,1,MS,roots,0.04500337
455,1,MS,roots,0.0480254
456,1,MS,roots,0.0495244
457,1,MS,roots,0.04939649
458,1,MS,roots,0.04720134
459,1,MS,roots,0.04384932
460,1,MS,roots,0.04063709
461,1,MS,roots,0.03789572
462,1,MS,roots,0.03544743
463,1,MS,roots,0.03342355
464,1,MS,roots,0.03160233
465,1,MS,roots,0.03018271
466,1,MS,roots,0.02891358
467,1,MS,roots,0.0277812
468,1,MS,roots,0.02687458
469,1,MS,roots,0.02605387
470,1,MS,roots,0.02535818
471,1,MS,roots,0.02476633
472,1,MS,roots,0.02425025
473,1,MS,roots,0.0238709
474,1,MS,roots,0.02375589
475,1,MS,roots,0.02444964
476,1,MS,roots,0.02651114
477,1,MS,roots,0.02935402
478,1,MS,roots,0.03317988
479,1,MS,roots,0.0370767
480,1,MS,roots,0.03966322
481,1,MS,roots,0.04073251
482,1,MS,roots,0.03976715
483,1,MS,roots,0.03765497
484,1,MS,roots,0.03540177
485,1,MS,roots,0.03329824
486,1,MS,roots,0.03150647
487,1,MS,roots,0.0298929
488,1,MS,roots,0.02844449
489,1,MS,roots,0.02719882
490,1,MS,roots,0.02618438
491,1,MS,roots,0.02529584
492,1,MS,roots,0.02461
493,1,MS,roots,0.02404051
494,1,MS,roots,0.02357539
495,1,MS,roots,0.02312577
496,1,MS,roots,0.02266207
497,1,MS,roots,0.02295123
498,1,MS,roots,0.02490976
499,1,MS,roots,0.02875749
500,1,MS,roots,0.03396423
501,1,MS,roots,0.0397806
502,1,MS,roots,0.04533634
503,1,MS,roots,0.04987147
504,1,MS,roots,0.05298804
505,1,MS,roots,0.05427402
506,1,MS,roots,0.05336402
507,1,MS,roots,0.05086431
508,1,MS,roots,0.04792346
509,1,MS,roots,0.04508025
510,1,MS,roots,0.04240218
511,1,MS,roots,0.04000777
512,1,MS,roots,0.03792909
513,1,MS,roots,0.0361283
514,1,MS,roots,0.03467016
515,1,MS,roots,0.0334698
516,1,MS,roots,0.03239176
517,1,MS,roots,0.03156253
518,1,MS,roots,0.03087567
519,1,MS,roots,0.03035648
520,1,MS,roots,0.02997645
521,1,MS,roots,0.03018721
522,1,MS,roots,0.03263163
523,1,MS,roots,0.03662924
524,1,MS,roots,0.04063769
525,1,MS,roots,0.04589618
526,1,MS,roots,0.05063146
527,1,MS,roots,0.05353659
528,1,MS,roots,0.05361514
529,1,MS,roots,0.05226248
530,1,MS,roots,0.04984334
531,1,MS,roots,0.04642349
532,1,MS,roots,0.04322927
533,1,MS,roots,0.04046907
534,1,MS,roots,0.03818712
535,1,MS,roots,0.03612246
536,1,MS,roots,0.03433075
537,1,MS,roots,0.03255792
538,1,MS,roots,0.03111687
539,1,MS,roots,0.03003142
540,1,MS,roots,0.02918441
541,1,MS,roots,0.02847687
542,1,MS,roots,0.02772926
543,1,MS,roots,0.02703016
544,1,MS,roots,0.02636997
545,1,MS,roots,0.0263871
546,1,MS,roots,0.02854111
547,1,MS,roots,0.03392938
548,1,MS,roots,0.04221974
549,1,MS,roots,0.05116319
550,1,MS,roots,0.05870538
551,1,MS,roots,0.06307693
552,1,MS,roots,0.06380709
553,1,MS,roots,0.0614696
554,1,MS,roots,0.05767412
555,1,MS,roots,0.05343492
556,1,MS,roots,0.04949724
557,1,MS,roots,0.04608831
558,1,MS,roots,0.04319706
559,1,MS,roots,0.04085612
560,1,MS,roots,0.03864336
561,1,MS,roots,0.03680912
562,1,MS,roots,0.03530749
563,1,MS,roots,0.03401668
564,1,MS,roots,0.03299005
565,1,MS,roots,0.03220616
566,1,MS,roots,0.0315087
567,1,MS,roots,0.03095594
568,1,MS,roots,0.03041843
569,1,MS,roots,0.03041814
570,1,MS,roots,0.03237131
571,1,MS,roots,0.03625775
572,1,MS,roots,0.0402095
573,1,MS,roots,0.04392975
574,1,MS,roots,0.04848698
575,1,MS,roots,0.05282361
576,1,MS,roots,0.05484705
577,1,MS,roots,0.05452758
578,1,MS,roots,0.05250181
579,1,MS,roots,0.04972569
580,1,MS,roots,0.04725908
581,1,MS,roots,0.04518678
582,1,MS,roots,0.04341125
583,1,MS,roots,0.04186217
584,1,MS,roots,0.04047061
585,1,MS,roots,0.03919002
586,1,MS,roots,0.0379824
587,1,MS,roots,0.03701824
588,1,MS,roots,0.03626148
589,1,MS,roots,0.0356953
590,1,MS,roots,0.03525416
591,1,MS,roots,0.03492669
592,1,MS,roots,0.03481209
593,1,MS,roots,0.03471191
594,1,MS,roots,0.03498125
595,1,MS,roots,0.03640312
596,1,MS,roots,0.04056343
597,1,MS,roots,0.04774053
598,1,MS,roots,0.05575437
599,1,MS,roots,0.06237483
600,1,MS,roots,0.06579522
601,1,MS,roots,0.06628582
602,1,MS,roots,0.06481633
603,1,MS,roots,0.06269223
604,1,MS,roots,0.06049556
605,1,MS,roots,0.0583221
606,1,MS,roots,0.05617966
607,1,MS,roots,0.05418622
608,1,MS,roots,0.05222119
609,1,MS,roots,0.05034865
610,1,MS,roots,0.04865507
611,1,MS,roots,0.04713202
612,1,MS,roots,0.04573609
613,1,MS,roots,0.04444263
614,1,MS,roots,0.04314758
615,1,MS,roots,0.04203308
616,1,MS,roots,0.04094371
617,1,MS,roots,0.03988714
618,1,MS,roots,0.03927594
619,1,MS,roots,0.04027386
620,1,MS,roots,0.04417918
621,1,MS,roots,0.05068019
622,1,MS,roots,0.05893639
623,1,MS,roots,0.06832871
624,1,MS,roots,0.07694607
625,1,MS,roots,0.08282135
626,1,MS,roots,0.08464593
627,1,MS,roots,0.08313678
628,1,MS,roots,0.07988239
629,1,MS,roots,0.07599647
630,1,MS,roots,0.07182845
631,1,MS,roots,0.0677785
632,1,MS,roots,0.06397365
633,1,MS,roots,0.0605337
634,1,MS,roots,0.05751855
635,1,MS,roots,0.05476752
636,1,MS,roots,0.05257693
637,1,MS,roots,0.05066457
638,1,MS,roots,0.04913892
639,1,MS,roots,0.04743953
640,1,MS,roots,0.04596735
641,1,MS,roots,0.04480485
642,1,MS,roots,0.04462524
643,1,MS,roots,0.04657785
644,1,MS,roots,0.05180905
645,1,MS,roots,0.0600871
646,1,MS,roots,0.06931586
647,1,MS,roots,0.07714072
648,1,MS,roots,0.0828909
649,1,MS,roots,0.086667
650,1,MS,roots,0.08813259
651,1,MS,roots,0.08785461
652,1,MS,roots,0.08660056
653,1,MS,roots,0.0848265
654,1,MS,roots,0.08271734
655,1,MS,roots,0.08051813
656,1,MS,roots,0.07825095
657,1,MS,roots,0.07588117
658,1,MS,roots,0.07339204
659,1,MS,roots,0.07091564
660,1,MS,roots,0.06872503
661,1,MS,roots,0.06671151
662,1,MS,roots,0.06500234
663,1,MS,roots,0.06362514
664,1,MS,roots,0.06227852
665,1,MS,roots,0.0609909
666,1,MS,roots,0.05958734
667,1,MS,roots,0.05827366
668,1,MS,roots,0.05746928
669,1,MS,roots,0.05750007
670,1,MS,roots,0.05984184
671,1,MS,roots,0.06459108
672,1,MS,roots,0.07056712
673,1,MS,roots,0.07494168
674,1,MS,roots,0.07721872
675,1,MS,roots,0.07753241
676,1,MS,roots,0.07693892
677,1,MS,roots,0.07566971
678,1,MS,roots,0.07379344
679,1,MS,roots,0.07161863
680,1,MS,roots,0.0693507
681,1,MS,roots,0.06699133
682,1,MS,roots,0.06471409
683,1,MS,roots,0.06260335
684,1,MS,roots,0.06056789
685,1,MS,roots,0.05868697
686,1,MS,roots,0.05691976
687,1,MS,roots,0.05531824
688,1,MS,roots,0.05374868
689,1,MS,roots,0.0522699
690,1,MS,roots,0.05122374
691,1,MS,roots,0.0509387
692,1,MS,roots,0.05146652
693,1,MS,roots,0.05314572
694,1,MS,roots,0.05607376
695,1,MS,roots,0.05967705
696,1,MS,roots,0.06289237
697,1,MS,roots,0.06482524
698,1,MS,roots,0.06521125
699,1,MS,roots,0.06467697
700,1,MS,roots,0.06351372
701,1,MS,roots,0.06186244
702,1,MS,roots,0.06001064
703,1,MS,roots,0.05816961
704,1,MS,roots,0.05642699
705,1,MS,roots,0.05466855
706,1,MS,roots,0.05296652
707,1,MS,roots,0.05134157
708,1,MS,roots,0.04989578
709,1,MS,roots,0.04859314
710,1,MS,roots,0.04736872
711,1,MS,roots,0.04582081
712,1,MS,roots,0.04448505
713,1,MS,roots,0.04347546
714,1,MS,roots,0.04307853
715,1,MS,roots,0.04398681
716,1,MS,roots,0.04700889
717,1,MS,roots,0.05227319
718,1,MS,roots,0.0576016
719,1,MS,roots,0.06154989
720,1,MS,roots,0.06452995
721,1,MS,roots,0.06638891
722,1,MS,roots,0.06716519
723,1,MS,roots,0.06693028
724,1,MS,roots,0.06587069
725,1,MS,roots,0.06432104
726,1,MS,roots,0.06261038
727,1,MS,roots,0.06078364
728,1,MS,roots,0.05890973
729,1,MS,roots,0.05704264
730,1,MS,roots,0.05527445
731,1,MS,roots,0.05360304
732,1,MS,roots,0.05206994
733,1,MS,roots,0.05082697
734,1,MS,roots,0.04957629
735,1,MS,roots,0.04842502
736,1,MS,roots,0.04726041
737,1,MS,roots,0.04606326
738,1,MS,roots,0.04534438
739,1,MS,roots,0.04567819
740,1,MS,roots,0.04772742
741,1,MS,roots,0.0520076
742,1,MS,roots,0.05851189
743,1,MS,roots,0.06570157
744,1,MS,roots,0.07316239
745,1,MS,roots,0.07836903
746,1,MS,roots,0.08053239
747,1,MS,roots,0.08062168
748,1,MS,roots,0.07924591
749,1,MS,roots,0.07738621
750,1,MS,roots,0.07533241
751,1,MS,roots,0.07284291
752,1,MS,roots,0.07009794
753,1,MS,roots,0.06729081
754,1,MS,roots,0.06479152
755,1,MS,roots,0.06249971
756,1,MS,roots,0.06038573
757,1,MS,roots,0.05850658
758,1,MS,roots,0.05673475
759,1,MS,roots,0.05506515
760,1,MS,roots,0.05348033
761,1,MS,roots,0.05210753
762,1,MS,roots,0.05161207
763,1,MS,roots,0.05274901
764,1,MS,roots,0.05615546
765,1,MS,roots,0.06174681
766,1,MS,roots,0.06802795
767,1,MS,roots,0.07348412
768,1,MS,roots,0.07750891
769,1,MS,roots,0.07980984
770,1,MS,roots,0.08050594
771,1,MS,roots,0.07986416
772,1,MS,roots,0.07848568
773,1,MS,roots,0.0765817
774,1,MS,roots,0.07452997
775,1,MS,roots,0.07237831
776,1,MS,roots,0.07029767
777,1,MS,roots,0.06836753
778,1,MS,roots,0.06655991
779,1,MS,roots,0.06517858
780,1,MS,roots,0.06417111
781,1,MS,roots,0.0633801
782,1,MS,roots,0.06252378
783,1,MS,roots,0.06157458
784,1,MS,roots,0.0605166
785,1,MS,roots,0.0595449
786,1,MS,roots,0.0591525
787,1,MS,roots,0.06026498
788,1,MS,roots,0.06364794
789,1,MS,roots,0.06932672
790,1,MS,roots,0.07632267
791,1,MS,roots,0.08281545
792,1,MS,roots,0.08767295
793,1,MS,roots,0.09041816
794,1,MS,roots,0.0913762
795,1,MS,roots,0.09140273
796,1,MS,roots,0.09088412
797,1,MS,roots,0.08986437
798,1,MS,roots,0.08885463
799,1,MS,roots,0.0878122
800,1,MS,roots,0.08711062
801,1,MS,roots,0.08629221
802,1,MS,roots,0.08566299
803,1,MS,roots,0.08524318
804,1,MS,roots,0.08511854
805,1,MS,roots,0.08494228
806,1,MS,roots,0.08491294
807,1,MS,roots,0.08477326
808,1,MS,roots,0.08497879
809,1,MS,roots,0.08511073
810,1,MS,roots,0.08518165
811,1,MS,roots,0.08620523
812,1,MS,roots,0.08855156
813,1,MS,roots,0.09121107
814,1,MS,roots,0.09344653
815,1,MS,roots,0.09568137
816,1,MS,roots,0.09725836
817,1,MS,roots,0.09764243
818,1,MS,roots,0.09713081
819,1,MS,roots,0.09640217
820,1,MS,roots,0.09534092
821,1,MS,roots,0.09418949
822,1,MS,roots,0.09278274
823,1,MS,roots,0.09162518
824,1,MS,roots,0.09068175
825,1,MS,roots,0.08983943
826,1,MS,roots,0.0892736
827,1,MS,roots,0.08894498
828,1,MS,roots,0.08869175
829,1,MS,roots,0.08880546
830,1,MS,roots,0.08933654
831,1,MS,roots,0.08995347
832,1,MS,roots,0.09051298
833,1,MS,roots,0.09097904
834,1,MS,roots,0.09163631
835,1,MS,roots,0.09258843
836,1,MS,roots,0.09377353
837,1,MS,roots,0.09476735
838,1,MS,roots,0.09575195
839,1,MS,roots,0.09651653
840,1,MS,roots,0.0968101
841,1,MS,roots,0.09631755
842,1,MS,roots,0.09558419
843,1,MS,roots,0.09481206
844,1,MS,roots,0.09414557
845,1,MS,roots,0.09359698
846,1,MS,roots,0.09269441
847,1,MS,roots,0.09217546
848,1,MS,roots,0.09165597
849,1,MS,roots,0.09082727
850,1,MS,roots,0.09050298
851,1,MS,roots,0.09055824
852,1,MS,roots,0.09067686
853,1,MS,roots,0.09095941
854,1,MS,roots,0.09174687
855,1,MS,roots,0.09257856
856,1,MS,roots,0.09318965
857,1,MS,roots,0.09317296
858,1,MS,roots,0.09287521
859,1,MS,roots,0.0935645
860,1,MS,roots,0.10058981
861,1,MS,roots,0.1175996
862,1,MS,roots,0.11424029
863,1,MS,roots,0.11879938
864,1,MS,roots,0.09902365
865,1,MS,roots,0.09037387
866,1,MS,roots,0.08955957
867,1,MS,roots,0.08828263
868,1,MS,roots,0.08673637
869,1,MS,roots,0.08511067
870,1,MS,roots,0.08348122
871,1,MS,roots,0.0816911
872,1,MS,roots,0.07982891
873,1,MS,roots,0.07813953
874,1,MS,roots,0.07672503
875,1,MS,roots,0.07586355
876,1,MS,roots,0.07543458
877,1,MS,roots,0.07530811
878,1,MS,roots,0.07530072
879,1,MS,roots,0.07565548
880,1,MS,roots,0.07600531
881,1,MS,roots,0.07644565
882,1,MS,roots,0.0774885
883,1,MS,roots,0.09232776
884,1,MS,roots,0.10955806
885,1,MS,roots,0.11959479
886,1,MS,roots,0.12797323
887,1,MS,roots,0.13256756
888,1,MS,roots,0.12951993
889,1,MS,roots,0.11450453
890,1,MS,roots,0.10065763
891,1,MS,roots,0.08243592
892,1,MS,roots,0.08168554
893,1,MS,roots,0.08087805
894,1,MS,roots,0.07988168
895,1,MS,roots,0.07888272
896,1,MS,roots,0.07791542
897,1,MS,roots,0.0768413
898,1,MS,roots,0.07591781
899,1,MS,roots,0.07545165
900,1,MS,roots,0.07522486
901,1,MS,roots,0.07519714
902,1,MS,roots,0.07534888
903,1,MS,roots,0.07568177
904,1,MS,roots,0.07611528
905,1,MS,roots,0.07660952
906,1,MS,roots,0.0775769
907,1,MS,roots,0.07889826
908,1,MS,roots,0.08014204
909,1,MS,roots,0.08113703
910,1,MS,roots,0.10279152
911,1,MS,roots,0.10637817
912,1,MS,roots,0.10530859
913,1,MS,roots,0.07894368
914,1,MS,roots,0.07720025
915,1,MS,roots,0.07570029
916,1,MS,roots,0.07416154
917,1,MS,roots,0.07272677
918,1,MS,roots,0.07143284
919,1,MS,roots,0.07003544
920,1,MS,roots,0.06880899
921,1,MS,roots,0.06750615
922,1,MS,roots,0.06650226
923,1,MS,roots,0.06580298
924,1,MS,roots,0.06550805
925,1,MS,roots,0.06586484
926,1,MS,roots,0.06643836
927,1,MS,roots,0.06739955
928,1,MS,roots,0.06830736
929,1,MS,roots,0.06924603
930,1,MS,roots,0.07057732
931,1,MS,roots,0.07279999
932,1,MS,roots,0.10444587
933,1,MS,roots,0.11248188
934,1,MS,roots,0.13285234
935,1,MS,roots,0.13024324
936,1,MS,roots,0.12422046
937,1,MS,roots,0.0779475
938,1,MS,roots,0.07655563
939,1,MS,roots,0.07519862
940,1,MS,roots,0.07397631
941,1,MS,roots,0.07270147
942,1,MS,roots,0.07162877
943,1,MS,roots,0.07064474
944,1,MS,roots,0.0697105
945,1,MS,roots,0.06884466
946,1,MS,roots,0.06859839
947,1,MS,roots,0.06861601
948,1,MS,roots,0.0689368
949,1,MS,roots,0.0697711
950,1,MS,roots,0.07068471
951,1,MS,roots,0.07170045
952,1,MS,roots,0.07282149
953,1,MS,roots,0.07396344
954,1,MS,roots,0.07536973
955,1,MS,roots,0.0771658
956,1,MS,roots,0.10642427
957,1,MS,roots,0.1133525
958,1,MS,roots,0.11942056
959,1,MS,roots,0.12087618
960,1,MS,roots,0.12079424
961,1,MS,roots,0.1204804
962,1,MS,roots,0.11997957
963,1,MS,roots,0.12172429
964,1,MS,roots,0.12233678
965,1,MS,roots,0.12413602
966,1,MS,roots,0.12361331
967,1,MS,roots,0.1291054
968,1,MS,roots,0.12865582
969,1,MS,roots,0.12817519
970,1,MS,roots,0.12769301
971,1,MS,roots,0.12363137
972,1,MS,roots,0.12190792
973,1,MS,roots,0.12250772
974,1,MS,roots,0.12429416
975,1,MS,roots,0.12376136
976,1,MS,roots,0.12207124
977,1,MS,roots,0.12155092
978,1,MS,roots,0.12341753
979,1,MS,roots,0.12551605
980,1,MS,roots,0.13418724
981,1,MS,roots,0.13587724
982,1,MS,roots,0.13378708
983,1,MS,roots,0.13146214
984,1,MS,roots,0.12772054
985,1,MS,roots,0.12745474
986,1,MS,roots,0.12588407
987,1,MS,roots,0.12425306
988,1,MS,roots,0.1225935
989,1,MS,roots,0.1267232
990,1,MS,roots,0.12736496
991,1,MS,roots,0.13916784
992,1,MS,roots,0.13232021
993,1,MS,roots,0.13176184
994,1,MS,roots,0.13117334
995,1,MS,roots,0.12581651
996,1,MS,roots,0.12290179
997,1,MS,roots,0.12002543
998,1,MS,roots,0.11938608
999,1,MS,roots,0.12093566
1000,1,MS,roots,0.12359079
1001,1,MS,roots,0.12976956
1002,1,MS,roots,0.13392451
1003,1,MS,roots,0.14384247
1004,1,MS,roots,0.15228455
1005,1,MS,roots,0.1556893
1006,1,MS,roots,0.16494924
1007,1,MS,roots,0.16813539
1008,1,MS,roots,0.17047905
1009,1,MS,roots,0.17638028
1010,1,MS,roots,0.1763417
1011,1,MS,roots,0.17380741
1012,1,MS,roots,0.16898474
1013,1,MS,roots,0.169059
1014,1,MS,roots,0.16509489
1015,1,MS,roots,0.15742481
1016,1,MS,roots,0.1493311
1017,1,MS,roots,0.13875534
1018,1,MS,roots,0.13595495
1019,1,MS,roots,0.13096433
1020,1,MS,roots,0.11992141
1021,1,MS,roots,0.11352607
1022,1,MS,roots,0.09941584
1023,1,MS,roots,0.09650998
1024,1,MS,roots,0.08674955
1025,1,MS,roots,0.07451622
1026,1,MS,roots,0.08500736
1027,1,MS,roots,0.09176916
1028,1,MS,roots,0.09588045
1029,1,MS,roots,0.10090985
1030,1,MS,roots,0.10615685
1031,1,MS,roots,0.10619466
1032,1,MS,roots,0.105881
1033,1,MS,roots,0.10459427
1034,1,MS,roots,0.10059138
1035,1,MS,roots,0.10024946
1036,1,MS,roots,0.09427478
1037,1,MS,roots,0.09875502
1038,1,MS,roots,0.09197205
1039,1,MS,roots,0.0948164
1040,1,MS,roots,0.09090157
1041,1,MS,roots,0.08709041
1042,1,MS,roots,0.08485139
1043,1,MS,roots,0.08120047
1044,1,MS,roots,0.07974023
1045,1,MS,roots,0.07822665
1046,1,MS,roots,0.07410903
1047,1,MS,roots,0.07274376
1048,1,MS,roots,0.07196208
1049,1,MS,roots,0.06934085
1050,1,MS,roots,0.07050865
1051,1,MS,roots,0.070727
1052,1,MS,roots,0.07327799
1053,1,MS,roots,0.07625699
1054,1,MS,roots,0.08018875
1055,1,MS,roots,0.0822288
1056,1,MS,roots,0.08366317
1057,1,MS,roots,0.08631795
1058,1,MS,roots,0.08843294
1059,1,MS,roots,0.08992013
1060,1,MS,roots,0.08934227
1061,1,MS,roots,0.08191798
1062,1,MS,roots,0.08107982
1063,1,MS,roots,0.07933321
1064,1,MS,roots,0.07616652
1065,1,MS,roots,0.07562429
1066,1,MS,roots,0.07119596
1067,1,MS,roots,0.06823843
1068,1,MS,roots,0.066545
1069,1,MS,roots,0.06320434
1070,1,MS,roots,0.05803211
1071,1,MS,roots,0.05386404
1072,1,MS,roots,0.05008264
1073,1,MS,roots,0.05097662
1074,1,MS,roots,0.05390343
1075,1,MS,roots,0.05962925
1076,1,MS,roots,0.06319556
1077,1,MS,roots,0.06929176
1078,1,MS,roots,0.07360998
1079,1,MS,roots,0.08146277
1080,1,MS,roots,0.08736887
1081,1,MS,roots,0.0853178
1082,1,MS,roots,0.08082873
1083,1,MS,roots,0.08050554
1084,1,MS,roots,0.07735658
1085,1,MS,roots,0.07585753
1086,1,MS,roots,0.0779945
1087,1,MS,roots,0.07967944
1088,1,MS,roots,0.08380996
1089,1,MS,roots,0.08390759
1090,1,MS,roots,0.0802295
1091,1,MS,roots,0.08006192
1092,1,MS,roots,0.08179265
1093,1,MS,roots,0.08115181
1094,1,MS,roots,0.07970445
1095,1,MS,roots,0.06995325
1096,1,MS,roots,0.06445541
1097,1,MS,roots,0.06222325
1098,1,MS,roots,0.05805726
1099,1,MS,roots,0.05253467
1100,1,MS,roots,0.05630453
1101,1,MS,roots,0.05737398
1102,1,MS,roots,0.05985372
1103,1,MS,roots,0.05993273
1104,1,MS,roots,0.06073691
1105,1,MS,roots,0.05986309
1106,1,MS,roots,0.05889969
1107,1,MS,roots,0.06154411
1108,1,MS,roots,0.06230015
1109,1,MS,roots,0.06232283
1110,1,MS,roots,0.06003957
1111,1,MS,roots,0.05834807
1112,1,MS,roots,0.05721509
1113,1,MS,roots,0.05811781
1114,1,MS,roots,0.05786423
1115,1,MS,roots,0.05859025
1116,1,MS,roots,0.05974302
1117,1,MS,roots,0.06025455
1118,1,MS,roots,0.06014603
1119,1,MS,roots,0.0599868
1120,1,MS,roots,0.06085089
1121,1,MS,roots,0.06161671
1122,1,MS,roots,0.06349603
1123,1,MS,roots,0.06377189
1124,1,MS,roots,0.06541559
1125,1,MS,roots,0.06317017
1126,1,MS,roots,0.06242745
1127,1,MS,roots,0.06189773
1128,1,MS,roots,0.06090351
1129,1,MS,roots,0.05888996
1130,1,MS,roots,0.05905153
1131,1,MS,roots,0.05913071
1132,1,MS,roots,0.05966417
1133,1,MS,roots,0.05902996
1134,1,MS,roots,0.05836887
1135,1,MS,roots,0.057189
1136,1,MS,roots,0.05732292
1137,1,MS,roots,0.0573611
1138,1,MS,roots,0.05739686
1139,1,MS,roots,0.05738643
1140,1,MS,roots,0.05734199
1141,1,MS,roots,0.05722699
1142,1,MS,roots,0.05704355
1143,1,MS,roots,0.05680881
1144,1,MS,roots,0.05658739
1145,1,MS,roots,0.05633745
1146,1,MS,roots,0.05604238
1147,1,MS,roots,0.05574057
1148,1,MS,roots,0.05541827
1149,1,MS,roots,0.05512515
1150,1,MS,roots,0.05480746
1151,1,MS,roots,0.05463549
1152,1,MS,roots,0.05451947
1153,1,MS,roots,0.05440289
1154,1,MS,roots,0.05431698
1155,1,MS,roots,0.05427648
1156,1,MS,roots,0.05422103
1157,1,MS,roots,0.05414502
1158,1,MS,roots,0.05403445
1159,1,MS,roots,0.05392094
1160,1,MS,roots,0.05382126
1161,1,MS,roots,0.05372517
1162,1,MS,roots,0.05368925
1163,1,MS,roots,0.05367352
1164,1,MS,roots,0.05367984
1165,1,MS,roots,0.05371153
1166,1,MS,roots,0.05375587
1167,1,MS,roots,0.05381432
1168,1,MS,roots,0.05384413
1169,1,MS,roots,0.05384497
1170,1,MS,roots,0.05387467
1171,1,MS,roots,0.05406328
1172,1,MS,roots,0.06230871
1173,1,MS,roots,0.06328186
1174,1,MS,roots,0.0642883
1175,1,MS,roots,0.06478598
1176,1,MS,roots,0.06411989
1177,1,MS,roots,0.0567791
1178,1,MS,roots,0.05724771
1179,1,MS,roots,0.05762747
1180,1,MS,roots,0.05782568
1181,1,MS,roots,0.05809329
1182,1,MS,roots,0.05831431
1183,1,MS,roots,0.05853619
1184,1,MS,roots,0.05872937
1185,1,MS,roots,0.05888678
1186,1,MS,roots,0.05905874
1187,1,MS,roots,0.05922246
1188,1,MS,roots,0.05940651
1189,1,MS,roots,0.05966666
1190,1,MS,roots,0.05991562
1191,1,MS,roots,0.0601765
1192,1,MS,roots,0.06048157
1193,1,MS,roots,0.06083567
1194,1,MS,roots,0.06116394
1195,1,MS,roots,0.06671284
1196,1,MS,roots,0.07108964
1197,1,MS,roots,0.07170704
1198,1,MS,roots,0.07295295
1199,1,MS,roots,0.07558352
1200,1,MS,roots,0.07893522
1201,1,MS,roots,0.07656794
1202,1,MS,roots,0.07637681
1203,1,MS,roots,0.07348168
1204,1,MS,roots,0.06952105
1205,1,MS,roots,0.07146718
1206,1,MS,roots,0.07460494
1207,1,MS,roots,0.07557975
1208,1,MS,roots,0.07713327
1209,1,MS,roots,0.07449209
1210,1,MS,roots,0.07140004
1211,1,MS,roots,0.06732976
1212,1,MS,roots,0.06839051
1213,1,MS,roots,0.07124297
1214,1,MS,roots,0.06827936
1215,1,MS,roots,0.0626813
1216,1,MS,roots,0.0673296
1217,1,MS,roots,0.06585513
1218,1,MS,roots,0.06786549
1219,1,MS,roots,0.07648038
1220,1,MS,roots,0.08974001
1221,1,MS,roots,0.10211358
1222,1,MS,roots,0.10489633
1223,1,MS,roots,0.1086365
1224,1,MS,roots,0.1146745
1225,1,MS,roots,0.10323624
1226,1,MS,roots,0.10221455
1227,1,MS,roots,0.09892343
1228,1,MS,roots,0.10155596
1229,1,MS,roots,0.10012877
1230,1,MS,roots,0.10114878
1231,1,MS,roots,0.09920998
1232,1,MS,roots,0.09805244
1233,1,MS,roots,0.09426545
1234,1,MS,roots,0.09146163
1235,1,MS,roots,0.08261219
1236,1,MS,roots,0.07972489
1237,1,MS,roots,0.07980853
1238,1,MS,roots,0.07490568
1239,1,MS,roots,0.08454821
1240,1,MS,roots,0.08497621
1241,1,MS,roots,0.08538275
1242,1,MS,roots,0.0784313
1243,1,MS,roots,0.08726164
1244,1,MS,roots,0.10010491
1245,1,MS,roots,0.11396796
1246,1,MS,roots,0.12550591
1247,1,MS,roots,0.13273916
1248,1,MS,roots,0.12690623
1249,1,MS,roots,0.11949697
1250,1,MS,roots,0.11296366
1251,1,MS,roots,0.10167558
1252,1,MS,roots,0.10011606
1253,1,MS,roots,0.0991964
1254,1,MS,roots,0.09626721
1255,1,MS,roots,0.09771301
1256,1,MS,roots,0.09690294
1257,1,MS,roots,0.09622338
1258,1,MS,roots,0.0956583
1259,1,MS,roots,0.09529978
1260,1,MS,roots,0.09494636
1261,1,MS,roots,0.09488334
1262,1,MS,roots,0.09495485
1263,1,MS,roots,0.09501717
1264,1,MS,roots,0.09527619
1265,1,MS,roots,0.0968542
1266,1,MS,roots,0.10384476
1267,1,MS,roots,0.10343528
1268,1,MS,roots,0.10617045
1269,1,MS,roots,0.11018397
1270,1,MS,roots,0.11224685
1271,1,MS,roots,0.10854337
1272,1,MS,roots,0.11038384
1273,1,MS,roots,0.1042663
1274,1,MS,roots,0.10422002
1275,1,MS,roots,0.11177198
1276,1,MS,roots,0.09735935
1277,1,MS,roots,0.09729864
1278,1,MS,roots,0.09711013
1279,1,MS,roots,0.09687973
1280,1,MS,roots,0.09660329
1281,1,MS,roots,0.09633233
1282,1,MS,roots,0.09600854
1283,1,MS,roots,0.09565988
1284,1,MS,roots,0.095369
1285,1,MS,roots,0.09526104
1286,1,MS,roots,0.09519155
1287,1,MS,roots,0.09542724
1288,1,MS,roots,0.09622212
1289,1,MS,roots,0.0971504
1290,1,MS,roots,0.09786616
1291,1,MS,roots,0.09865032
1292,1,MS,roots,0.09935605
1293,1,MS,roots,0.10051094
1294,1,MS,roots,0.10221775
1295,1,MS,roots,0.10354423
1296,1,MS,roots,0.10461914
1297,1,MS,roots,0.10561161
1298,1,MS,roots,0.10547632
1299,1,MS,roots,0.10473943
1300,1,MS,roots,0.10412599
1301,1,MS,roots,0.10352842
1302,1,MS,roots,0.10274586
1303,1,MS,roots,0.10203228
1304,1,MS,roots,0.1014471
1305,1,MS,roots,0.10097272
1306,1,MS,roots,0.10052949
1307,1,MS,roots,0.10018953
1308,1,MS,roots,0.09986857
1309,1,MS,roots,0.09962049
1310,1,MS,roots,0.09935969
1311,1,MS,roots,0.0989827
1312,1,MS,roots,0.09849572
1313,1,MS,roots,0.09783481
1314,1,MS,roots,0.09722616
1315,1,MS,roots,0.09694041
1316,1,MS,roots,0.09728778
1317,1,MS,roots,0.09776686
1318,1,MS,roots,0.09795253
1319,1,MS,roots,0.0987995
1320,1,MS,roots,0.10029589
1321,1,MS,roots,0.10131804
1322,1,MS,roots,0.10166047
1323,1,MS,roots,0.10122714
1324,1,MS,roots,0.10074287
1325,1,MS,roots,0.10021733
1326,1,MS,roots,0.09921286
1327,1,MS,roots,0.09803006
1328,1,MS,roots,0.09671909
1329,1,MS,roots,0.09530139
1330,1,MS,roots,0.09389899
1331,1,MS,roots,0.09259053
1332,1,MS,roots,0.09118074
1333,1,MS,roots,0.08964102
1334,1,MS,roots,0.08821097
1335,1,MS,roots,0.08676874
1336,1,MS,roots,0.08543882
1337,1,MS,roots,0.08384794
1338,1,MS,roots,0.08281656
1339,1,MS,roots,0.08304007
1340,1,MS,roots,0.08444985
1341,1,MS,roots,0.08720169
1342,1,MS,roots,0.09155813
1343,1,MS,roots,0.0977801
1344,1,MS,roots,0.10136107
1345,1,MS,roots,0.10182847
1346,1,MS,roots,0.10094709
1347,1,MS,roots,0.09989929
1348,1,MS,roots,0.0994337
1349,1,MS,roots,0.09931327
1350,1,MS,roots,0.09856762
1351,1,MS,roots,0.09795833
1352,1,MS,roots,0.09780119
1353,1,MS,roots,0.09718398
1354,1,MS,roots,0.09554734
1355,1,MS,roots,0.09378689
1356,1,MS,roots,0.09150115
1357,1,MS,roots,0.08844393
1358,1,MS,roots,0.08595233
1359,1,MS,roots,0.08472815
1360,1,MS,roots,0.08285112
1361,1,MS,roots,0.08036473
1362,1,MS,roots,0.07912844
1363,1,MS,roots,0.07926408
1364,1,MS,roots,0.0809472
1365,1,MS,roots,0.08380266
1366,1,MS,roots,0.0884553
1367,1,MS,roots,0.09313527
1368,1,MS,roots,0.09621727
1369,1,MS,roots,0.09760171
1370,1,MS,roots,0.0961578
1371,1,MS,roots,0.09367335
1372,1,MS,roots,0.09215099
1373,1,MS,roots,0.09142733
1374,1,MS,roots,0.09073034
1375,1,MS,roots,0.09024056
1376,1,MS,roots,0.089847
1377,1,MS,roots,0.08935549
1378,1,MS,roots,0.08881282
1379,1,MS,roots,0.08804806
1380,1,MS,roots,0.0868537
1381,1,MS,roots,0.08567816
1382,1,MS,roots,0.08444439
1383,1,MS,roots,0.08341719
1384,1,MS,roots,0.08223995
1385,1,MS,roots,0.08112679
1386,1,MS,roots,0.08046362
1387,1,MS,roots,0.08090655
1388,1,MS,roots,0.08206137
1389,1,MS,roots,0.08394659
1390,1,MS,roots,0.0868782
1391,1,MS,roots,0.09190919
1392,1,MS,roots,0.09690646
1393,1,MS,roots,0.09970125
1394,1,MS,roots,0.10082207
1395,1,MS,roots,0.10086333
1396,1,MS,roots,0.1012929
1397,1,MS,roots,0.10161496
1398,1,MS,roots,0.10154559
1399,1,MS,roots,0.10056112
1400,1,MS,roots,0.09908283
1401,1,MS,roots,0.09743443
1402,1,MS,roots,0.09443543
1403,1,MS,roots,0.08911777
1404,1,MS,roots,0.08425407
1405,1,MS,roots,0.07970492
1406,1,MS,roots,0.07573206
1407,1,MS,roots,0.07284412
1408,1,MS,roots,0.07049887
1409,1,MS,roots,0.06796668
1410,1,MS,roots,0.06594701
1411,1,MS,roots,0.06638016
1412,1,MS,roots,0.07016561
1413,1,MS,roots,0.0767564
1414,1,MS,roots,0.08480787
1415,1,MS,roots,0.09328033
1416,1,MS,roots,0.1006464
1417,1,MS,roots,0.10509318
1418,1,MS,roots,0.10544969
1419,1,MS,roots,0.10449337
1420,1,MS,roots,0.10380107
1421,1,MS,roots,0.10237828
1422,1,MS,roots,0.10084278
1423,1,MS,roots,0.09975839
1424,1,MS,roots,0.09885638
1425,1,MS,roots,0.09919748
1426,1,MS,roots,0.09876792
1427,1,MS,roots,0.0980361
1428,1,MS,roots,0.0973469
1429,1,MS,roots,0.09637309
1430,1,MS,roots,0.09538113
1431,1,MS,roots,0.09484961
1432,1,MS,roots,0.09396983
1433,1,MS,roots,0.09274833
1434,1,MS,roots,0.09151665
1435,1,MS,roots,0.09078066
1436,1,MS,roots,0.09110002
1437,1,MS,roots,0.09297627
1438,1,MS,roots,0.09707619
1439,1,MS,roots,0.10030752
1440,1,MS,roots,0.10116476
1441,1,MS,roots,0.10113487
1442,1,MS,roots,0.10044205
1443,1,MS,roots,0.09955314
1444,1,MS,roots,0.09866634
1445,1,MS,roots,0.09763308
1446,1,MS,roots,0.09651486
1447,1,MS,roots,0.09530544
1448,1,MS,roots,0.09383275
1449,1,MS,roots,0.09253038
1450,1,MS,roots,0.09140678
1451,1,MS,roots,0.09024358
1452,1,MS,roots,0.08885585
1453,1,MS,roots,0.08745342
1454,1,MS,roots,0.08587272
1455,1,MS,roots,0.0841087
1456,1,MS,roots,0.08218223
1457,1,MS,roots,0.08041399
1458,1,MS,roots,0.07892246
1459,1,MS,roots,0.07802163
1460,1,MS,roots,0.07797021
1461,1,MS,roots,0.07866946
1462,1,MS,roots,0.07927402
1463,1,MS,roots,0.07995281
1464,1,MS,roots,0.08059872
1465,1,MS,roots,0.08077391
1466,1,MS,roots,0.08005068
1467,1,MS,roots,0.07911936
1468,1,MS,roots,0.07891176
1469,1,MS,roots,0.07850536
1470,1,MS,roots,0.07839033
1471,1,MS,roots,0.07835768
1472,1,MS,roots,0.07781307
1473,1,MS,roots,0.07730387
1474,1,MS,roots,0.07509554
1475,1,MS,roots,0.0725846
1476,1,MS,roots,0.07081502
1477,1,MS,roots,0.06810089
1478,1,MS,roots,0.0655153
1479,1,MS,roots,0.06333313
1480,1,MS,roots,0.06210283
1481,1,MS,roots,0.05939283
1482,1,MS,roots,0.05727039
1483,1,MS,roots,0.05685124
1484,1,MS,roots,0.05866105
1485,1,MS,roots,0.06468608
1486,1,MS,roots,0.09403831
1487,1,MS,roots,0.09185906
1488,1,MS,roots,0.08289919
1489,1,MS,roots,0.08306763
1490,1,MS,roots,0.08384611
1491,1,MS,roots,0.08526135
1492,1,MS,roots,0.08903461
1493,1,MS,roots,0.09143583
1494,1,MS,roots,0.0983245
1495,1,MS,roots,0.09543644
1496,1,MS,roots,0.09315894
1497,1,MS,roots,0.09070674
1498,1,MS,roots,0.08816135
1499,1,MS,roots,0.0840747
1500,1,MS,roots,0.08522457
1501,1,MS,roots,0.08323138
1502,1,MS,roots,0.0804955
1503,1,MS,roots,0.07852414
1504,1,MS,roots,0.07590563
1505,1,MS,roots,0.07672234
1506,1,MS,roots,0.07687772
1507,1,MS,roots,0.08004557
1508,1,MS,roots,0.08476411
1509,1,MS,roots,0.10098174
1510,1,MS,roots,0.10812206
1511,1,MS,roots,0.10451472
1512,1,MS,roots,0.11569535
1513,1,MS,roots,0.11653894
1514,1,MS,roots,0.11730671
1515,1,MS,roots,0.1183217
1516,1,MS,roots,0.11943632
1517,1,MS,roots,0.1205555
1518,1,MS,roots,0.12131854
1519,1,MS,roots,0.1219232
1520,1,MS,roots,0.12241435
1521,1,MS,roots,0.12226617
1522,1,MS,roots,0.12152513
1523,1,MS,roots,0.12082292
1524,1,MS,roots,0.12036605
1525,1,MS,roots,0.12029337
1526,1,MS,roots,0.12040396
1527,1,MS,roots,0.12060684
1528,1,MS,roots,0.12066864
1529,1,MS,roots,0.12076492
1530,1,MS,roots,0.12106531
1531,1,MS,roots,0.12173482
1532,1,MS,roots,0.12262106
1533,1,MS,roots,0.1230484
1534,1,MS,roots,0.12304971
1535,1,MS,roots,0.1232744
1536,1,MS,roots,0.12398115
1537,1,MS,roots,0.12416738
1538,1,MS,roots,0.12383038
1539,1,MS,roots,0.12295747
1540,1,MS,roots,0.12199265
1541,1,MS,roots,0.11995832
1542,1,MS,roots,0.11878774
1543,1,MS,roots,0.11641274
1544,1,MS,roots,0.11326407
1545,1,MS,roots,0.11214201
1546,1,MS,roots,0.11136267
1547,1,MS,roots,0.10912357
1548,1,MS,roots,0.10479852
1549,1,MS,roots,0.10205339
1550,1,MS,roots,0.10073175
1551,1,MS,roots,0.09886245
1552,1,MS,roots,0.09680898
1553,1,MS,roots,0.09378354
1554,1,MS,roots,0.09044722
1555,1,MS,roots,0.08989371
1556,1,MS,roots,0.09248315
1557,1,MS,roots,0.09788136
1558,1,MS,roots,0.10462743
1559,1,MS,roots,0.11045878
1560,1,MS,roots,0.11529816
1561,1,MS,roots,0.11892357
1562,1,MS,roots,0.11976129
1563,1,MS,roots,0.11919366
1564,1,MS,roots,0.11928258
1565,1,MS,roots,0.11891339
1566,1,MS,roots,0.11900707
1567,1,MS,roots,0.11919847
1568,1,MS,roots,0.11957687
1569,1,MS,roots,0.11977762
1570,1,MS,roots,0.11929161
1571,1,MS,roots,0.11829698
1572,1,MS,roots,0.11699436
1573,1,MS,roots,0.11576564
1574,1,MS,roots,0.11471281
1575,1,MS,roots,0.11357777
1576,1,MS,roots,0.1121896
1577,1,MS,roots,0.11061614
1578,1,MS,roots,0.10904885
1579,1,MS,roots,0.10791138
1580,1,MS,roots,0.10763294
1581,1,MS,roots,0.10879389
1582,1,MS,roots,0.11097493
1583,1,MS,roots,0.11248347
1584,1,MS,roots,0.11340184
1585,1,MS,roots,0.11256893
1586,1,MS,roots,0.11002135
1587,1,MS,roots,0.10620687
1588,1,MS,roots,0.1027713
1589,1,MS,roots,0.1000624
1590,1,MS,roots,0.09747066
1591,1,MS,roots,0.09540842
1592,1,MS,roots,0.09389889
1593,1,MS,roots,0.0933802
1594,1,MS,roots,0.09336015
1595,1,MS,roots,0.09311865
1596,1,MS,roots,0.09284236
1597,1,MS,roots,0.09248286
1598,1,MS,roots,0.0919796
1599,1,MS,roots,0.0914342
1600,1,MS,roots,0.09104993
1601,1,MS,roots,0.09036041
1602,1,MS,roots,0.09000009
1603,1,MS,roots,0.09102379
1604,1,MS,roots,0.09347896
1605,1,MS,roots,0.09840614
1606,1,MS,roots,0.10689018
1607,1,MS,roots,0.11529193
1608,1,MS,roots,0.12270194
1609,1,MS,roots,0.12657037
1610,1,MS,roots,0.126843
1611,1,MS,roots,0.12656481
1612,1,MS,roots,0.12519615
1613,1,MS,roots,0.12562287
1614,1,MS,roots,0.12654091
1615,1,MS,roots,0.12709644
1616,1,MS,roots,0.12715601
1617,1,MS,roots,0.12738193
1618,1,MS,roots,0.12760475
1619,1,MS,roots,0.12796702
1620,1,MS,roots,0.12830092
1621,1,MS,roots,0.12814088
1622,1,MS,roots,0.12798453
1623,1,MS,roots,0.12807846
1624,1,MS,roots,0.12809464
1625,1,MS,roots,0.12826615
1626,1,MS,roots,0.12855248
1627,1,MS,roots,0.12987828
1628,1,MS,roots,0.13351664
1629,1,MS,roots,0.14072203
1630,1,MS,roots,0.15001865
1631,1,MS,roots,0.15739821
1632,1,MS,roots,0.16311603
1633,1,MS,roots,0.16566907
1634,1,MS,roots,0.16493233
1635,1,MS,roots,0.16301301
1636,1,MS,roots,0.15941497
1637,1,MS,roots,0.15383985
1638,1,MS,roots,0.15103054
1639,1,MS,roots,0.15055446
1640,1,MS,roots,0.15024414
1641,1,MS,roots,0.14946719
1642,1,MS,roots,0.14854935
1643,1,MS,roots,0.14505218
1644,1,MS,roots,0.14207124
1645,1,MS,roots,0.14065703
1646,1,MS,roots,0.13945731
1647,1,MS,roots,0.13833075
1648,1,MS,roots,0.13712635
1649,1,MS,roots,0.13590581
1650,1,MS,roots,0.13511723
1651,1,MS,roots,0.13603984
1652,1,MS,roots,0.13886189
1653,1,MS,roots,0.14254012
1654,1,MS,roots,0.14774151
1655,1,MS,roots,0.15475547
1656,1,MS,roots,0.16222129
1657,1,MS,roots,0.16512593
1658,1,MS,roots,0.16368111
1659,1,MS,roots,0.16141382
1660,1,MS,roots,0.16083121
1661,1,MS,roots,0.1608951
1662,1,MS,roots,0.16087704
1663,1,MS,roots,0.16089257
1664,1,MS,roots,0.16094477
1665,1,MS,roots,0.1610437
1666,1,MS,roots,0.16115729
1667,1,MS,roots,0.1613214
1668,1,MS,roots,0.16187043
1669,1,MS,roots,0.16291517
1670,1,MS,roots,0.16388226
1671,1,MS,roots,0.16516763
1672,1,MS,roots,0.16511574
1673,1,MS,roots,0.16116525
1674,1,MS,roots,0.15773407
1675,1,MS,roots,0.15849219
1676,1,MS,roots,0.16681768
1677,1,MS,roots,0.18092185
1678,1,MS,roots,0.19843295
1679,1,MS,roots,0.21503054
1680,1,MS,roots,0.22171407
1681,1,MS,roots,0.21964618
1682,1,MS,roots,0.21289675
1683,1,MS,roots,0.20464227
1684,1,MS,roots,0.20146201
1685,1,MS,roots,0.20212118
1686,1,MS,roots,0.20396672
1687,1,MS,roots,0.20567221
1688,1,MS,roots,0.20687208
1689,1,MS,roots,0.20785828
1690,1,MS,roots,0.20913932
1691,1,MS,roots,0.2110957
1692,1,MS,roots,0.21331627
1693,1,MS,roots,0.21421879
1694,1,MS,roots,0.21465992
1695,1,MS,roots,0.21528669
1696,1,MS,roots,0.21586836
1697,1,MS,roots,0.21590337
1698,1,MS,roots,0.21626508
1699,1,MS,roots,0.21787778
1700,1,MS,roots,0.22181284
1701,1,MS,roots,0.22722048
1702,1,MS,roots,0.23555249
1703,1,MS,roots,0.24329646
1704,1,MS,roots,0.24783632
1705,1,MS,roots,0.24995298
1706,1,MS,roots,0.24924906
1707,1,MS,roots,0.24760021
1708,1,MS,roots,0.24583233
1709,1,MS,roots,0.24356956
1710,1,MS,roots,0.24101913
1711,1,MS,roots,0.23865877
1712,1,MS,roots,0.23773675
1713,1,MS,roots,0.23659048
1714,1,MS,roots,0.23500304
1715,1,MS,roots,0.23295348
1716,1,MS,roots,0.23080117
1717,1,MS,roots,0.22887885
1718,1,MS,roots,0.22604974
1719,1,MS,roots,0.22328676
1720,1,MS,roots,0.22041997
1721,1,MS,roots,0.21612376
1722,1,MS,roots,0.21019786
1723,1,MS,roots,0.20508193
1724,1,MS,roots,0.20225853
1725,1,MS,roots,0.20052537
1726,1,MS,roots,0.19888524
1727,1,MS,roots,0.19707045
1728,1,MS,roots,0.19710773
1729,1,MS,roots,0.1982877
1730,1,MS,roots,0.19829337
1731,1,MS,roots,0.19836454
1732,1,MS,roots,0.19736618
1733,1,MS,roots,0.19436289
1734,1,MS,roots,0.19122368
1735,1,MS,roots,0.18900804
1736,1,MS,roots,0.18723075
1737,1,MS,roots,0.1862619
1738,1,MS,roots,0.18577362
1739,1,MS,roots,0.18456965
1740,1,MS,roots,0.18252071
1741,1,MS,roots,0.18001871
1742,1,MS,roots,0.17560218
1743,1,MS,roots,0.16969738
1744,1,MS,roots,0.16341539
1745,1,MS,roots,0.15927736
1746,1,MS,roots,0.15880949
1747,1,MS,roots,0.15656163
1748,1,MS,roots,0.15509283
1749,1,MS,roots,0.15794298
1750,1,MS,roots,0.16175955
1751,1,MS,roots,0.16344112
1752,1,MS,roots,0.16391862
1753,1,MS,roots,0.16284292
1754,1,MS,roots,0.16165902
1755,1,MS,roots,0.1613888
1756,1,MS,roots,0.16131621
1757,1,MS,roots,0.1606111
1758,1,MS,roots,0.15984432
1759,1,MS,roots,0.15771035
1760,1,MS,roots,0.15553251
1761,1,MS,roots,0.15399255
1762,1,MS,roots,0.15064382
1763,1,MS,roots,0.1459079
1764,1,MS,roots,0.14258142
1765,1,MS,roots,0.14006393
1766,1,MS,roots,0.13816761
1767,1,MS,roots,0.13623638
1768,1,MS,roots,0.13308446
1769,1,MS,roots,0.12793231
1770,1,MS,roots,0.1232034
1771,1,MS,roots,0.11966315
1772,1,MS,roots,0.11703913
1773,1,MS,roots,0.11607998
1774,1,MS,roots,0.11565672
1775,1,MS,roots,0.11433496
1776,1,MS,roots,0.1133854
1777,1,MS,roots,0.11164762
1778,1,MS,roots,0.10900609
1779,1,MS,roots,0.10560034
1780,1,MS,roots,0.10128791
1781,1,MS,roots,0.0974355
1782,1,MS,roots,0.09458674
1783,1,MS,roots,0.09390335
1784,1,MS,roots,0.09446694
1785,1,MS,roots,0.0945714
1786,1,MS,roots,0.0940757
1787,1,MS,roots,0.09317444
1788,1,MS,roots,0.0918362
1789,1,MS,roots,0.09026655
1790,1,MS,roots,0.08867619
1791,1,MS,roots,0.0873401
1792,1,MS,roots,0.0859226
1793,1,MS,roots,0.08411723
1794,1,MS,roots,0.08250692
1795,1,MS,roots,0.08260929
1796,1,MS,roots,0.08477876
1797,1,MS,roots,0.08931627
1798,1,MS,roots,0.09630136
1799,1,MS,roots,0.10512399
1800,1,MS,roots,0.11215463
1801,1,MS,roots,0.1157336
1802,1,MS,roots,0.11724584
1803,1,MS,roots,0.11774068
1804,1,MS,roots,0.11811299
1805,1,MS,roots,0.11856678
1806,1,MS,roots,0.11888032
1807,1,MS,roots,0.11894808
1808,1,MS,roots,0.11891101
1809,1,MS,roots,0.11835385
1810,1,MS,roots,0.11692906
1811,1,MS,roots,0.11549605
1812,1,MS,roots,0.11467592
1813,1,MS,roots,0.11465599
1814,1,MS,roots,0.11497077
1815,1,MS,roots,0.11630054
1816,1,MS,roots,0.11769558
1817,1,MS,roots,0.11848992
1818,1,MS,roots,0.11940386
1819,1,MS,roots,0.12115639
1820,1,MS,roots,0.12357084
1821,1,MS,roots,0.12648804
1822,1,MS,roots,0.12952854
1823,1,MS,roots,0.13261544
1824,1,MS,roots,0.13475902
1825,1,MS,roots,0.13508799
1826,1,MS,roots,0.13485244
1827,1,MS,roots,0.1342824
1828,1,MS,roots,0.13355363
1829,1,MS,roots,0.13251513
1830,1,MS,roots,0.13168073
1831,1,MS,roots,0.13056961
1832,1,MS,roots,0.1301089
1833,1,MS,roots,0.13007886
1834,1,MS,roots,0.12997126
1835,1,MS,roots,0.12914296
1836,1,MS,roots,0.12782535
1837,1,MS,roots,0.12632986
1838,1,MS,roots,0.1246155
1839,1,MS,roots,0.12265663
1840,1,MS,roots,0.12038264
1841,1,MS,roots,0.11821249
1842,1,MS,roots,0.11600144
1843,1,MS,roots,0.11479169
1844,1,MS,roots,0.11536219
1845,1,MS,roots,0.11831247
1846,1,MS,roots,0.12148588
1847,1,MS,roots,0.12565884
1848,1,MS,roots,0.13106082
1849,1,MS,roots,0.13473965
1850,1,MS,roots,0.13495768
1851,1,MS,roots,0.13455812
1852,1,MS,roots,0.13471745
1853,1,MS,roots,0.13524961
1854,1,MS,roots,0.13464408
1855,1,MS,roots,0.13308286
1856,1,MS,roots,0.13273291
1857,1,MS,roots,0.1327241
1858,1,MS,roots,0.13173514
1859,1,MS,roots,0.1295405
1860,1,MS,roots,0.12781658
1861,1,MS,roots,0.12647295
1862,1,MS,roots,0.12360537
1863,1,MS,roots,0.11910779
1864,1,MS,roots,0.1153101
1865,1,MS,roots,0.11227301
1866,1,MS,roots,0.10900774
1867,1,MS,roots,0.11042454
1868,1,MS,roots,0.11863812
1869,1,MS,roots,0.12947632
1870,1,MS,roots,0.1394131
1871,1,MS,roots,0.15023291
1872,1,MS,roots,0.16116832
1873,1,MS,roots,0.16626344
1874,1,MS,roots,0.16563105
1875,1,MS,roots,0.1629699
1876,1,MS,roots,0.16099657
1877,1,MS,roots,0.16099362
1878,1,MS,roots,0.16029379
1879,1,MS,roots,0.15994358
1880,1,MS,roots,0.15964969
1881,1,MS,roots,0.15938988
1882,1,MS,roots,0.1597235
1883,1,MS,roots,0.15995817
1884,1,MS,roots,0.16079276
1885,1,MS,roots,0.16189622
1886,1,MS,roots,0.16209632
1887,1,MS,roots,0.1619794
1888,1,MS,roots,0.16087958
1889,1,MS,roots,0.15932267
1890,1,MS,roots,0.15833218
1891,1,MS,roots,0.15799489
1892,1,MS,roots,0.1589552
1893,1,MS,roots,0.16169877
1894,1,MS,roots,0.16734189
1895,1,MS,roots,0.17565689
1896,1,MS,roots,0.18113725
1897,1,MS,roots,0.18268337
1898,1,MS,roots,0.18131246
1899,1,MS,roots,0.18100571
1900,1,MS,roots,0.17570253
1901,1,MS,roots,0.17103419
1902,1,MS,roots,0.16593397
1903,1,MS,roots,0.16196868
1904,1,MS,roots,0.16001263
1905,1,MS,roots,0.15769436
1906,1,MS,roots,0.15468464
1907,1,MS,roots,0.15093472
1908,1,MS,roots,0.14758403
1909,1,MS,roots,0.14611322
1910,1,MS,roots,0.14592379
1911,1,MS,roots,0.14741443
1912,1,MS,roots,0.15029562
1913,1,MS,roots,0.15273854
1914,1,MS,roots,0.15607146
1915,1,MS,roots,0.16040511
1916,1,MS,roots,0.16666212
1917,1,MS,roots,0.17677538
1918,1,MS,roots,0.18383962
1919,1,MS,roots,0.18630021
1920,1,MS,roots,0.18770329
1921,1,MS,roots,0.18896275
1922,1,MS,roots,0.18722223
1923,1,MS,roots,0.18391965
1924,1,MS,roots,0.18338007
1925,1,MS,roots,0.18460821
1926,1,MS,roots,0.18649266
1927,1,MS,roots,0.18799529
1928,1,MS,roots,0.18924142
1929,1,MS,roots,0.19040564
1930,1,MS,roots,0.19188194
1931,1,MS,roots,0.19457493
1932,1,MS,roots,0.19806804
1933,1,MS,roots,0.20185529
1934,1,MS,roots,0.20653381
1935,1,MS,roots,0.21059235
1936,1,MS,roots,0.21085046
1937,1,MS,roots,0.20949683
1938,1,MS,roots,0.208201
1939,1,MS,roots,0.20919897
1940,1,MS,roots,0.21203068
1941,1,MS,roots,0.21620772
1942,1,MS,roots,0.22427995
1943,1,MS,roots,0.2326617
1944,1,MS,roots,0.23709627
1945,1,MS,roots,0.2392595
1946,1,MS,roots,0.23891439
1947,1,MS,roots,0.23763902
1948,1,MS,roots,0.23529839
1949,1,MS,roots,0.23424764
1950,1,MS,roots,0.23279957
1951,1,MS,roots,0.23009178
1952,1,MS,roots,0.22662256
1953,1,MS,roots,0.22237316
1954,1,MS,roots,0.21913266
1955,1,MS,roots,0.21482789
1956,1,MS,roots,0.20549406
1957,1,MS,roots,0.19471536
1958,1,MS,roots,0.18576932
1959,1,MS,roots,0.17776567
1960,1,MS,roots,0.16987772
1961,1,MS,roots,0.16254788
1962,1,MS,roots,0.15693711
1963,1,MS,roots,0.16039458
1964,1,MS,roots,0.17230434
1965,1,MS,roots,0.18995635
1966,1,MS,roots,0.21400605
1967,1,MS,roots,0.24038862
1968,1,MS,roots,0.26275239
1969,1,MS,roots,0.27301709
1970,1,MS,roots,0.27387162
1971,1,MS,roots,0.27194751
1972,1,MS,roots,0.2714756
1973,1,MS,roots,0.27079783
1974,1,MS,roots,0.26816159
1975,1,MS,roots,0.26350022
1976,1,MS,roots,0.25890223
1977,1,MS,roots,0.25186756
1978,1,MS,roots,0.24390848
1979,1,MS,roots,0.23681633
1980,1,MS,roots,0.23121523
1981,1,MS,roots,0.22745287
1982,1,MS,roots,0.22315936
1983,1,MS,roots,0.21616511
1984,1,MS,roots,0.20985324
1985,1,MS,roots,0.20567005
1986,1,MS,roots,0.20253123
1987,1,MS,roots,0.20676693
1988,1,MS,roots,0.22407728
1989,1,MS,roots,0.24985146
1990,1,MS,roots,0.27984682
1991,1,MS,roots,0.30807311
1992,1,MS,roots,0.32991599
1993,1,MS,roots,0.33906215
1994,1,MS,roots,0.33808704
1995,1,MS,roots,0.33419033
1996,1,MS,roots,0.33181871
1997,1,MS,roots,0.32879542
1998,1,MS,roots,0.32742817
1999,1,MS,roots,0.32448207
2000,1,MS,roots,0.32048938
2001,1,MS,roots,0.31755769
2002,1,MS,roots,0.31492597
2003,1,MS,roots,0.31127847
2004,1,MS,roots,0.30548402
2005,1,MS,roots,0.30272924
2006,1,MS,roots,0.30120156
2007,1,MS,roots,0.30073168
2008,1,MS,roots,0.29941324
2009,1,MS,roots,0.29689885
2010,1,MS,roots,0.29478154
2011,1,MS,roots,0.2929275
2012,1,MS,roots,0.29104295
2013,1,MS,roots,0.29309665
2014,1,MS,roots,0.29752348
2015,1,MS,roots,0.29730807
2016,1,MS,roots,0.29898369
2017,1,MS,roots,0.29921133
2018,1,MS,roots,0.2918664
2019,1,MS,roots,0.27990275
2020,1,MS,roots,0.27469603
2021,1,MS,roots,0.27251589
2022,1,MS,roots,0.27005736
2023,1,MS,roots,0.26775494
2024,1,MS,roots,0.26597585
2025,1,MS,roots,0.26486751
2026,1,MS,roots,0.2636097
2027,1,MS,roots,0.26217869
2028,1,MS,roots,0.26001665
2029,1,MS,roots,0.25352526
2030,1,MS,roots,0.24481907
2031,1,MS,roots,0.23570321
2032,1,MS,roots,0.22253497
2033,1,MS,roots,0.21137695
2034,1,MS,roots,0.20499696
2035,1,MS,roots,0.20583761
2036,1,MS,roots,0.21252122
2037,1,MS,roots,0.22548282
2038,1,MS,roots,0.23542148
2039,1,MS,roots,0.24630906
2040,1,MS,roots,0.25436138
2041,1,MS,roots,0.25701786
2042,1,MS,roots,0.25607625
2043,1,MS,roots,0.25281811
2044,1,MS,roots,0.24864445
2045,1,MS,roots,0.24577191
2046,1,MS,roots,0.24727568
2047,1,MS,roots,0.24568249
2048,1,MS,roots,0.24077251
2049,1,MS,roots,0.24045422
2050,1,MS,roots,0.23921602
2051,1,MS,roots,0.23856155
2052,1,MS,roots,0.23689633
2053,1,MS,roots,0.23374014
2054,1,MS,roots,0.23030339
2055,1,MS,roots,0.22679543
2056,1,MS,roots,0.22347438
2057,1,MS,roots,0.21911045
2058,1,MS,roots,0.21395965
2059,1,MS,roots,0.21054967
2060,1,MS,roots,0.21159125
2061,1,MS,roots,0.22066329
2062,1,MS,roots,0.2330613
2063,1,MS,roots,0.24333032
2064,1,MS,roots,0.2499123
2065,1,MS,roots,0.25455917
2066,1,MS,roots,0.2456512
2067,1,MS,roots,0.23555596
2068,1,MS,roots,0.22569466
2069,1,MS,roots,0.21694416
2070,1,MS,roots,0.21013976
2071,1,MS,roots,0.20527145
2072,1,MS,roots,0.2034134
2073,1,MS,roots,0.20393526
2074,1,MS,roots,0.20550741
2075,1,MS,roots,0.20809112
2076,1,MS,roots,0.2096219
2077,1,MS,roots,0.20956019
2078,1,MS,roots,0.20953275
2079,1,MS,roots,0.20874313
2080,1,MS,roots,0.20695191
2081,1,MS,roots,0.20532546
2082,1,MS,roots,0.20209883
2083,1,MS,roots,0.19858959
2084,1,MS,roots,0.19891832
2085,1,MS,roots,0.20099389
2086,1,MS,roots,0.20630038
2087,1,MS,roots,0.21134954
2088,1,MS,roots,0.2124063
2089,1,MS,roots,0.21152852
2090,1,MS,roots,0.20900958
2091,1,MS,roots,0.20682923
2092,1,MS,roots,0.20681674
2093,1,MS,roots,0.20605001
2094,1,MS,roots,0.20376832
2095,1,MS,roots,0.20184825
2096,1,MS,roots,0.20121931
2097,1,MS,roots,0.2002194
2098,1,MS,roots,0.19928775
2099,1,MS,roots,0.19849695
2100,1,MS,roots,0.1975208
2101,1,MS,roots,0.1965549
2102,1,MS,roots,0.19565888
2103,1,MS,roots,0.19458699
2104,1,MS,roots,0.19344528
2105,1,MS,roots,0.19210665
2106,1,MS,roots,0.19108362
2107,1,MS,roots,0.19135748
2108,1,MS,roots,0.19301346
2109,1,MS,roots,0.19576504
2110,1,MS,roots,0.20029546
2111,1,MS,roots,0.20574163
2112,1,MS,roots,0.20921865
2113,1,MS,roots,0.21188943
2114,1,MS,roots,0.21365031
2115,1,MS,roots,0.2147701
2116,1,MS,roots,0.21522876
2117,1,MS,roots,0.21528606
2118,1,MS,roots,0.21510115
2119,1,MS,roots,0.21473949
2120,1,MS,roots,0.21472315
2121,1,MS,roots,0.21476312
2122,1,MS,roots,0.21418738
2123,1,MS,roots,0.21340826
2124,1,MS,roots,0.21244104
2125,1,MS,roots,0.21126142
2126,1,MS,roots,0.20999435
2127,1,MS,roots,0.20856856
2128,1,MS,roots,0.20707192
2129,1,MS,roots,0.20567166
2130,1,MS,roots,0.20517442
2131,1,MS,roots,0.20603997
2132,1,MS,roots,0.20729766
2133,1,MS,roots,0.20907723
2134,1,MS,roots,0.21154234
2135,1,MS,roots,0.21422542
2136,1,MS,roots,0.21658317
2137,1,MS,roots,0.21848519
2138,1,MS,roots,0.220031
2139,1,MS,roots,0.22131815
2140,1,MS,roots,0.22213175
2141,1,MS,roots,0.22290894
2142,1,MS,roots,0.22339664
2143,1,MS,roots,0.22375527
2144,1,MS,roots,0.22393576
2145,1,MS,roots,0.224042
2146,1,MS,roots,0.22394845
2147,1,MS,roots,0.22375308
2148,1,MS,roots,0.22327919
2149,1,MS,roots,0.22288773
2150,1,MS,roots,0.22229609
2151,1,MS,roots,0.22161028
2152,1,MS,roots,0.22088191
2153,1,MS,roots,0.22007492
2154,1,MS,roots,0.22053377
2155,1,MS,roots,0.22166071
2156,1,MS,roots,0.22644482
2157,1,MS,roots,0.22919671
2158,1,MS,roots,0.23530987
2159,1,MS,roots,0.24052318
2160,1,MS,roots,0.24410024
2161,1,MS,roots,0.24680048
2162,1,MS,roots,0.25052052
2163,1,MS,roots,0.2576316
2164,1,MS,roots,0.26976682
2165,1,MS,roots,0.27958815
2166,1,MS,roots,0.287606
2167,1,MS,roots,0.29488432
2168,1,MS,roots,0.30160528
2169,1,MS,roots,0.3071349
2170,1,MS,roots,0.31383203
2171,1,MS,roots,0.3209059
2172,1,MS,roots,0.32128237
2173,1,MS,roots,0.3187086
2174,1,MS,roots,0.31451432
2175,1,MS,roots,0.30976519
2176,1,MS,roots,0.29977396
2177,1,MS,roots,0.29261687
2178,1,MS,roots,0.28802743
2179,1,MS,roots,0.29443231
2180,1,MS,roots,0.31788546
2181,1,MS,roots,0.34814302
2182,1,MS,roots,0.37560675
2183,1,MS,roots,0.39668416
2184,1,MS,roots,0.40711585
2185,1,MS,roots,0.39977169
2186,1,MS,roots,0.38629371
2187,1,MS,roots,0.36885084
2188,1,MS,roots,0.35445159
2189,1,MS,roots,0.34770358
2190,1,MS,roots,0.3461522
2191,1,MS,roots,0.34248477
2192,1,MS,roots,0.33982546
2193,1,MS,roots,0.33696336
2194,1,MS,roots,0.33610867
2195,1,MS,roots,0.33605371
2196,1,MS,roots,0.33642498
2197,1,MS,roots,0.33891761
2198,1,MS,roots,0.33809417
2199,1,MS,roots,0.33302336
2200,1,MS,roots,0.33452848
2201,1,MS,roots,0.33076269
2202,1,MS,roots,0.32949333
2203,1,MS,roots,0.33582417
2204,1,MS,roots,0.35566415
2205,1,MS,roots,0.38597773
2206,1,MS,roots,0.41824009
2207,1,MS,roots,0.44622364
2208,1,MS,roots,0.46105409
2209,1,MS,roots,0.46074742
2210,1,MS,roots,0.45063281
2211,1,MS,roots,0.44229066
2212,1,MS,roots,0.44030328
2213,1,MS,roots,0.43737073
2214,1,MS,roots,0.43425652
2215,1,MS,roots,0.42981245
2216,1,MS,roots,0.42654378
2217,1,MS,roots,0.42174833
2218,1,MS,roots,0.4167778
2219,1,MS,roots,0.41290131
2220,1,MS,roots,0.41090881
2221,1,MS,roots,0.41309162
2222,1,MS,roots,0.41771187
2223,1,MS,roots,0.42295906
2224,1,MS,roots,0.42545033
2225,1,MS,roots,0.42130641
2226,1,MS,roots,0.41292122
2227,1,MS,roots,0.41083805
2228,1,MS,roots,0.4157764
2229,1,MS,roots,0.4278327
2230,1,MS,roots,0.44179961
2231,1,MS,roots,0.44505872
2232,1,MS,roots,0.4441579
2233,1,MS,roots,0.44173479
2234,1,MS,roots,0.43751946
2235,1,MS,roots,0.43170455
2236,1,MS,roots,0.42348134
2237,1,MS,roots,0.41478245
2238,1,MS,roots,0.4089471
2239,1,MS,roots,0.40520385
2240,1,MS,roots,0.40182622
2241,1,MS,roots,0.39619205
2242,1,MS,roots,0.38543667
2243,1,MS,roots,0.37488476
2244,1,MS,roots,0.36405203
2245,1,MS,roots,0.3525603
2246,1,MS,roots,0.34332044
2247,1,MS,roots,0.33540938
2248,1,MS,roots,0.32687101
2249,1,MS,roots,0.3190523
2250,1,MS,roots,0.31236758
2251,1,MS,roots,0.30972066
2252,1,MS,roots,0.3126642
2253,1,MS,roots,0.31925271
2254,1,MS,roots,0.33093251
2255,1,MS,roots,0.34690926
2256,1,MS,roots,0.35860482
2257,1,MS,roots,0.3620166
2258,1,MS,roots,0.35718106
2259,1,MS,roots,0.34526159
2260,1,MS,roots,0.34029189
2261,1,MS,roots,0.32723171
2262,1,MS,roots,0.30911626
2263,1,MS,roots,0.29221584
2264,1,MS,roots,0.27813203
2265,1,MS,roots,0.26732903
2266,1,MS,roots,0.25821018
2267,1,MS,roots,0.25153024
2268,1,MS,roots,0.24675914
2269,1,MS,roots,0.24266217
2270,1,MS,roots,0.23922085
2271,1,MS,roots,0.23625053
2272,1,MS,roots,0.23316189
2273,1,MS,roots,0.23027844
2274,1,MS,roots,0.22984471
2275,1,MS,roots,0.2338066
2276,1,MS,roots,0.24757117
2277,1,MS,roots,0.28257913
2278,1,MS,roots,0.33269567
2279,1,MS,roots,0.37641999
2280,1,MS,roots,0.40089585
2281,1,MS,roots,0.40320002
2282,1,MS,roots,0.39583099
2283,1,MS,roots,0.39001751
2284,1,MS,roots,0.38550272
2285,1,MS,roots,0.38062003
2286,1,MS,roots,0.38089507
2287,1,MS,roots,0.38250646
2288,1,MS,roots,0.38515362
2289,1,MS,roots,0.38726502
2290,1,MS,roots,0.38732037
2291,1,MS,roots,0.38684125
2292,1,MS,roots,0.38526316
2293,1,MS,roots,0.38484008
2294,1,MS,roots,0.38087568
2295,1,MS,roots,0.37574506
2296,1,MS,roots,0.37068285
2297,1,MS,roots,0.36801129
2298,1,MS,roots,0.3720293
2299,1,MS,roots,0.3814752
2300,1,MS,roots,0.39523398
2301,1,MS,roots,0.41714137
2302,1,MS,roots,0.43961325
2303,1,MS,roots,0.45966616
2304,1,MS,roots,0.46928579
2305,1,MS,roots,0.47150098
2306,1,MS,roots,0.46898783
2307,1,MS,roots,0.46498152
2308,1,MS,roots,0.46356639
2309,1,MS,roots,0.46139707
2310,1,MS,roots,0.45891895
2311,1,MS,roots,0.45685938
2312,1,MS,roots,0.45319414
2313,1,MS,roots,0.44858949
2314,1,MS,roots,0.44320861
2315,1,MS,roots,0.43889257
2316,1,MS,roots,0.43608164
2317,1,MS,roots,0.43580027
2318,1,MS,roots,0.43588551
2319,1,MS,roots,0.43148358
2320,1,MS,roots,0.42363984
2321,1,MS,roots,0.41301568
2322,1,MS,roots,0.40307638
2323,1,MS,roots,0.40343231
2324,1,MS,roots,0.41350929
2325,1,MS,roots,0.43110437
2326,1,MS,roots,0.448158
2327,1,MS,roots,0.47115937
2328,1,MS,roots,0.49119199
2329,1,MS,roots,0.49378881
2330,1,MS,roots,0.48604147
2331,1,MS,roots,0.47838725
2332,1,MS,roots,0.47331283
2333,1,MS,roots,0.46975816
2334,1,MS,roots,0.46684968
2335,1,MS,roots,0.46350135
2336,1,MS,roots,0.45769919
2337,1,MS,roots,0.45139091
2338,1,MS,roots,0.4448865
2339,1,MS,roots,0.43862608
2340,1,MS,roots,0.43012839
2341,1,MS,roots,0.41717482
2342,1,MS,roots,0.40359825
2343,1,MS,roots,0.39557339
2344,1,MS,roots,0.39045264
2345,1,MS,roots,0.38327788
2346,1,MS,roots,0.37359732
2347,1,MS,roots,0.37497727
2348,1,MS,roots,0.38257103
2349,1,MS,roots,0.40011956
2350,1,MS,roots,0.44229284
2351,1,MS,roots,0.48678537
2352,1,MS,roots,0.50974935
2353,1,MS,roots,0.51056293
2354,1,MS,roots,0.49627824
2355,1,MS,roots,0.47447292
2356,1,MS,roots,0.45133099
2357,1,MS,roots,0.4315623
2358,1,MS,roots,0.4146299
2359,1,MS,roots,0.39811624
2360,1,MS,roots,0.38227011
2361,1,MS,roots,0.36784384
2362,1,MS,roots,0.35965897
2363,1,MS,roots,0.35825936
2364,1,MS,roots,0.35631021
2365,1,MS,roots,0.35818444
2366,1,MS,roots,0.36053542
2367,1,MS,roots,0.3618278
2368,1,MS,roots,0.36113228
2369,1,MS,roots,0.35781564
2370,1,MS,roots,0.35445294
2371,1,MS,roots,0.356334
2372,1,MS,roots,0.3625562
2373,1,MS,roots,0.37319888
2374,1,MS,roots,0.39026231
2375,1,MS,roots,0.40197968
2376,1,MS,roots,0.40536317
2377,1,MS,roots,0.40590905
2378,1,MS,roots,0.40212245
2379,1,MS,roots,0.39421383
2380,1,MS,roots,0.38653821
2381,1,MS,roots,0.37977307
2382,1,MS,roots,0.37330895
2383,1,MS,roots,0.36687859
2384,1,MS,roots,0.36015071
2385,1,MS,roots,0.35349393
2386,1,MS,roots,0.34671825
2387,1,MS,roots,0.33992071
2388,1,MS,roots,0.33272635
2389,1,MS,roots,0.32425922
2390,1,MS,roots,0.31209198
2391,1,MS,roots,0.30162707
2392,1,MS,roots,0.29526237
2393,1,MS,roots,0.29073152
2394,1,MS,roots,0.28906719
2395,1,MS,roots,0.29284162
2396,1,MS,roots,0.30454263
2397,1,MS,roots,0.32971273
2398,1,MS,roots,0.3532955
2399,1,MS,roots,0.3814648
2400,1,MS,roots,0.39835273
2401,1,MS,roots,0.39442557
2402,1,MS,roots,0.38691384
2403,1,MS,roots,0.37976501
2404,1,MS,roots,0.37438457
2405,1,MS,roots,0.3686261
2406,1,MS,roots,0.36314026
2407,1,MS,roots,0.35978608
2408,1,MS,roots,0.35783664
2409,1,MS,roots,0.35653386
2410,1,MS,roots,0.3547526
2411,1,MS,roots,0.35253013
2412,1,MS,roots,0.35060863
2413,1,MS,roots,0.34916306
2414,1,MS,roots,0.34742253
2415,1,MS,roots,0.34538977
2416,1,MS,roots,0.34252508
2417,1,MS,roots,0.33861852
2418,1,MS,roots,0.33487535
2419,1,MS,roots,0.33319407
2420,1,MS,roots,0.33422974
2421,1,MS,roots,0.33924763
2422,1,MS,roots,0.34615335
2423,1,MS,roots,0.35446537
2424,1,MS,roots,0.3642665
2425,1,MS,roots,0.36982646
2426,1,MS,roots,0.37096787
2427,1,MS,roots,0.37004822
2428,1,MS,roots,0.36978904
2429,1,MS,roots,0.36963175
2430,1,MS,roots,0.36862345
2431,1,MS,roots,0.3672967
2432,1,MS,roots,0.36632381
2433,1,MS,roots,0.36426392
2434,1,MS,roots,0.36059486
2435,1,MS,roots,0.35634979
2436,1,MS,roots,0.35192163
2437,1,MS,roots,0.34704784
2438,1,MS,roots,0.34090368
2439,1,MS,roots,0.33362383
2440,1,MS,roots,0.32541736
2441,1,MS,roots,0.31738602
2442,1,MS,roots,0.31228607
2443,1,MS,roots,0.3163694
2444,1,MS,roots,0.32551021
2445,1,MS,roots,0.33764114
2446,1,MS,roots,0.3537702
2447,1,MS,roots,0.36559762
2448,1,MS,roots,0.37275809
2449,1,MS,roots,0.37698451
2450,1,MS,roots,0.38049571
2451,1,MS,roots,0.37983459
2452,1,MS,roots,0.37813104
2453,1,MS,roots,0.369451
2454,1,MS,roots,0.35540875
2455,1,MS,roots,0.34418814
2456,1,MS,roots,0.33041033
2457,1,MS,roots,0.31657829
2458,1,MS,roots,0.30361385
2459,1,MS,roots,0.29224283
2460,1,MS,roots,0.28298036
2461,1,MS,roots,0.27439107
2462,1,MS,roots,0.26508096
2463,1,MS,roots,0.25284048
2464,1,MS,roots,0.24634958
2465,1,MS,roots,0.24072126
2466,1,MS,roots,0.2340777
2467,1,MS,roots,0.23462679
2468,1,MS,roots,0.24365244
2469,1,MS,roots,0.26249861
2470,1,MS,roots,0.29018823
2471,1,MS,roots,0.31941508
2472,1,MS,roots,0.34033783
2473,1,MS,roots,0.35141109
2474,1,MS,roots,0.35706044
2475,1,MS,roots,0.35683912
2476,1,MS,roots,0.35790305
2477,1,MS,roots,0.3620965
2478,1,MS,roots,0.36754662
2479,1,MS,roots,0.37185562
2480,1,MS,roots,0.37181796
2481,1,MS,roots,0.357058
2482,1,MS,roots,0.3440642
2483,1,MS,roots,0.33671922
2484,1,MS,roots,0.32977667
2485,1,MS,roots,0.32476525
2486,1,MS,roots,0.31974616
2487,1,MS,roots,0.31520712
2488,1,MS,roots,0.31020598
2489,1,MS,roots,0.3035372
2490,1,MS,roots,0.29662779
2491,1,MS,roots,0.3025464
2492,1,MS,roots,0.32087943
2493,1,MS,roots,0.34394653
2494,1,MS,roots,0.37304745
2495,1,MS,roots,0.4121789
2496,1,MS,roots,0.425074
2497,1,MS,roots,0.43294326
2498,1,MS,roots,0.43292331
2499,1,MS,roots,0.42591145
2500,1,MS,roots,0.42164226
2501,1,MS,roots,0.42105712
2502,1,MS,roots,0.4240356
2503,1,MS,roots,0.42802491
2504,1,MS,roots,0.43338532
2505,1,MS,roots,0.43913597
2506,1,MS,roots,0.44447701
2507,1,MS,roots,0.44917092
2508,1,MS,roots,0.45244997
2509,1,MS,roots,0.45382444
2510,1,MS,roots,0.45563173
2511,1,MS,roots,0.45827569
2512,1,MS,roots,0.45937977
2513,1,MS,roots,0.46015128
2514,1,MS,roots,0.4608701
2515,1,MS,roots,0.4627469
2516,1,MS,roots,0.46799741
2517,1,MS,roots,0.47057094
2518,1,MS,roots,0.46834969
2519,1,MS,roots,0.46464969
2520,1,MS,roots,0.4629154
2521,1,MS,roots,0.45882786
2522,1,MS,roots,0.45008583
2523,1,MS,roots,0.43141332
2524,1,MS,roots,0.41257714
2525,1,MS,roots,0.39325778
2526,1,MS,roots,0.37361053
2527,1,MS,roots,0.35407468
2528,1,MS,roots,0.33639708
2529,1,MS,roots,0.32159665
2530,1,MS,roots,0.3094621
2531,1,MS,roots,0.29907624
2532,1,MS,roots,0.29041422
2533,1,MS,roots,0.28709896
2534,1,MS,roots,0.28435092
2535,1,MS,roots,0.2776591
2536,1,MS,roots,0.27137941
2537,1,MS,roots,0.2662643
2538,1,MS,roots,0.26340874
2539,1,MS,roots,0.27174851
2540,1,MS,roots,0.28455358
2541,1,MS,roots,0.29640278
2542,1,MS,roots,0.32671135
2543,1,MS,roots,0.35970461
2544,1,MS,roots,0.37724487
2545,1,MS,roots,0.38563199
2546,1,MS,roots,0.37457132
2547,1,MS,roots,0.35479866
2548,1,MS,roots,0.33640354
2549,1,MS,roots,0.32657439
2550,1,MS,roots,0.32633634
2551,1,MS,roots,0.32650212
2552,1,MS,roots,0.32645402
2553,1,MS,roots,0.32665929
2554,1,MS,roots,0.32660419
2555,1,MS,roots,0.32612015
2556,1,MS,roots,0.3244068
2557,1,MS,roots,0.32132734
2558,1,MS,roots,0.31803736
2559,1,MS,roots,0.31484709
2560,1,MS,roots,0.31151555
2561,1,MS,roots,0.30863523
2562,1,MS,roots,0.28116318
2563,1,MS,roots,0.29063073
2564,1,MS,roots,0.30528915
2565,1,MS,roots,0.32301539
2566,1,MS,roots,0.37766414
2567,1,MS,roots,0.45326152
2568,1,MS,roots,0.50073019
2569,1,MS,roots,0.51577248
2570,1,MS,roots,0.5080224
2571,1,MS,roots,0.50410739
2572,1,MS,roots,0.50654509
2573,1,MS,roots,0.50908646
2574,1,MS,roots,0.50944856
2575,1,MS,roots,0.50761119
2576,1,MS,roots,0.50504825
2577,1,MS,roots,0.50192989
2578,1,MS,roots,0.49845358
2579,1,MS,roots,0.49454838
2580,1,MS,roots,0.49098705
2581,1,MS,roots,0.48717724
2582,1,MS,roots,0.48329485
2583,1,MS,roots,0.48009795
2584,1,MS,roots,0.47593182
2585,1,MS,roots,0.4712696
2586,1,MS,roots,0.46880947
2587,1,MS,roots,0.47410876
2588,1,MS,roots,0.48565055
2589,1,MS,roots,0.50101694
2590,1,MS,roots,0.51797125
2591,1,MS,roots,0.54114298
2592,1,MS,roots,0.58414801
2593,1,MS,roots,0.60447454
2594,1,MS,roots,0.6030574
2595,1,MS,roots,0.6036707
2596,1,MS,roots,0.60691161
2597,1,MS,roots,0.60884272
2598,1,MS,roots,0.60869504
2599,1,MS,roots,0.60693862
2600,1,MS,roots,0.60549748
2601,1,MS,roots,0.60363437
2602,1,MS,roots,0.59925586
2603,1,MS,roots,0.59406967
2604,1,MS,roots,0.58919525
2605,1,MS,roots,0.5856278
2606,1,MS,roots,0.58318771
2607,1,MS,roots,0.58100594
2608,1,MS,roots,0.57864202
2609,1,MS,roots,0.57610162
2610,1,MS,roots,0.57442402
2611,1,MS,roots,0.57453715
2612,1,MS,roots,0.5756005
2613,1,MS,roots,0.57679944
2614,1,MS,roots,0.57754882
2615,1,MS,roots,0.5780939
2616,1,MS,roots,0.58508419
2617,1,MS,roots,0.60343246
2618,1,MS,roots,0.6184047
2619,1,MS,roots,0.63069901
2620,1,MS,roots,0.64399113
2621,1,MS,roots,0.65394189
2622,1,MS,roots,0.66202716
2623,1,MS,roots,0.6683591
2624,1,MS,roots,0.66933949
2625,1,MS,roots,0.6681917
2626,1,MS,roots,0.66639726
2627,1,MS,roots,0.66303799
2628,1,MS,roots,0.65902335
2629,1,MS,roots,0.65514009
2630,1,MS,roots,0.651416
2631,1,MS,roots,0.64858646
2632,1,MS,roots,0.64523476
2633,1,MS,roots,0.64154242
2634,1,MS,roots,0.64201123
2635,1,MS,roots,0.65252358
2636,1,MS,roots,0.67534767
2637,1,MS,roots,0.70485022
2638,1,MS,roots,0.73498366
2639,1,MS,roots,0.75874894
2640,1,MS,roots,0.75930155
2641,1,MS,roots,0.75831016
2642,1,MS,roots,0.74738293
2643,1,MS,roots,0.73263671
2644,1,MS,roots,0.71981241
2645,1,MS,roots,0.70686902
2646,1,MS,roots,0.68995573
2647,1,MS,roots,0.67844206
2648,1,MS,roots,0.67287608
2649,1,MS,roots,0.6675
2650,1,MS,roots,0.66058817
2651,1,MS,roots,0.64617417
2652,1,MS,roots,0.61561926
2653,1,MS,roots,0.59153655
2654,1,MS,roots,0.57429273
2655,1,MS,roots,0.55788152
2656,1,MS,roots,0.5452256
2657,1,MS,roots,0.53231576
2658,1,MS,roots,0.53435602
2659,1,MS,roots,0.55337994
2660,1,MS,roots,0.58095593
2661,1,MS,roots,0.62340964
2662,1,MS,roots,0.66697508
2663,1,MS,roots,0.70441433
2664,1,MS,roots,0.74760528
2665,1,MS,roots,0.76114459
2666,1,MS,roots,0.74648851
2667,1,MS,roots,0.7291072
2668,1,MS,roots,0.71798167
2669,1,MS,roots,0.71027803
2670,1,MS,roots,0.70340066
2671,1,MS,roots,0.69645608
2672,1,MS,roots,0.69018381
2673,1,MS,roots,0.68294433
2674,1,MS,roots,0.67393933
2675,1,MS,roots,0.66486606
2676,1,MS,roots,0.65660032
2677,1,MS,roots,0.6493887
2678,1,MS,roots,0.6427206
2679,1,MS,roots,0.63528222
2680,1,MS,roots,0.62868618
2681,1,MS,roots,0.62261804
2682,1,MS,roots,0.61844142
2683,1,MS,roots,0.61825903
2684,1,MS,roots,0.62622427
2685,1,MS,roots,0.6471372
2686,1,MS,roots,0.66916016
2687,1,MS,roots,0.68310798
2688,1,MS,roots,0.68681325
2689,1,MS,roots,0.68536742
2690,1,MS,roots,0.67545796
2691,1,MS,roots,0.66310001
2692,1,MS,roots,0.65335143
2693,1,MS,roots,0.64513803
2694,1,MS,roots,0.63761842
2695,1,MS,roots,0.63077854
2696,1,MS,roots,0.62485218
2697,1,MS,roots,0.61852496
2698,1,MS,roots,0.61174713
2699,1,MS,roots,0.60117733
2700,1,MS,roots,0.58589555
2701,1,MS,roots,0.56838443
2702,1,MS,roots,0.53712436
2703,1,MS,roots,0.51421377
2704,1,MS,roots,0.49833598
2705,1,MS,roots,0.48304352
2706,1,MS,roots,0.48058377
2707,1,MS,roots,0.49604487
2708,1,MS,roots,0.51054281
2709,1,MS,roots,0.51813502
2710,1,MS,roots,0.53594728
2711,1,MS,roots,0.56932737
2712,1,MS,roots,0.59197428
2713,1,MS,roots,0.58357424
2714,1,MS,roots,0.57586574
2715,1,MS,roots,0.56378725
2716,1,MS,roots,0.55470142
2717,1,MS,roots,0.54606115
2718,1,MS,roots,0.53182546
2719,1,MS,roots,0.51387017
2720,1,MS,roots,0.49808727
2721,1,MS,roots,0.49886426
2722,1,MS,roots,0.48746396
2723,1,MS,roots,0.48112428
2724,1,MS,roots,0.47552397
2725,1,MS,roots,0.46527342
2726,1,MS,roots,0.46598655
2727,1,MS,roots,0.46665185
2728,1,MS,roots,0.46256125
2729,1,MS,roots,0.45624069
2730,1,MS,roots,0.45292654
2731,1,MS,roots,0.46105146
2732,1,MS,roots,0.4820274
2733,1,MS,roots,0.50793658
2734,1,MS,roots,0.52553325
2735,1,MS,roots,0.54834192
2736,1,MS,roots,0.55736972
2737,1,MS,roots,0.55548441
2738,1,MS,roots,0.54413456
2739,1,MS,roots,0.53081529
2740,1,MS,roots,0.51919949
2741,1,MS,roots,0.50831858
2742,1,MS,roots,0.50287017
2743,1,MS,roots,0.49925071
2744,1,MS,roots,0.49361424
2745,1,MS,roots,0.48880279
2746,1,MS,roots,0.4848619
2747,1,MS,roots,0.48153255
2748,1,MS,roots,0.48201939
2749,1,MS,roots,0.46272173
2750,1,MS,roots,0.44365439
2751,1,MS,roots,0.43582316
2752,1,MS,roots,0.42517728
2753,1,MS,roots,0.40902355
2754,1,MS,roots,0.39805074
2755,1,MS,roots,0.41312558
2756,1,MS,roots,0.44962002
2757,1,MS,roots,0.48762644
2758,1,MS,roots,0.50385089
2759,1,MS,roots,0.53514567
2760,1,MS,roots,0.54795279
2761,1,MS,roots,0.54699571
2762,1,MS,roots,0.52528556
2763,1,MS,roots,0.49218092
2764,1,MS,roots,0.46887282
2765,1,MS,roots,0.46880917
2766,1,MS,roots,0.46972498
2767,1,MS,roots,0.47029202
2768,1,MS,roots,0.46884157
2769,1,MS,roots,0.46703022
2770,1,MS,roots,0.46497396
2771,1,MS,roots,0.46145247
2772,1,MS,roots,0.45668665
2773,1,MS,roots,0.45128856
2774,1,MS,roots,0.44706273
2775,1,MS,roots,0.44240223
2776,1,MS,roots,0.43819678
2777,1,MS,roots,0.43526248
2778,1,MS,roots,0.43621309
2779,1,MS,roots,0.44031206
2780,1,MS,roots,0.44605271
2781,1,MS,roots,0.4521069
2782,1,MS,roots,0.45848159
2783,1,MS,roots,0.46391568
2784,1,MS,roots,0.46937836
2785,1,MS,roots,0.47446704
2786,1,MS,roots,0.47859244
2787,1,MS,roots,0.4820385
2788,1,MS,roots,0.4852442
2789,1,MS,roots,0.48759674
2790,1,MS,roots,0.48888982
2791,1,MS,roots,0.48926623
2792,1,MS,roots,0.48966693
2793,1,MS,roots,0.48895791
2794,1,MS,roots,0.48773416
2795,1,MS,roots,0.48626017
2796,1,MS,roots,0.48448356
2797,1,MS,roots,0.48235186
2798,1,MS,roots,0.4799455
2799,1,MS,roots,0.47780035
2800,1,MS,roots,0.47525784
2801,1,MS,roots,0.47244349
2802,1,MS,roots,0.47209001
2803,1,MS,roots,0.47594674
2804,1,MS,roots,0.48627421
2805,1,MS,roots,0.4909837
2806,1,MS,roots,0.5395981
2807,1,MS,roots,0.6055982
2808,1,MS,roots,0.65854682
2809,1,MS,roots,0.65447353
2810,1,MS,roots,0.62239627
2811,1,MS,roots,0.59101152
2812,1,MS,roots,0.56516389
2813,1,MS,roots,0.55796605
2814,1,MS,roots,0.55470866
2815,1,MS,roots,0.55255173
2816,1,MS,roots,0.55044056
2817,1,MS,roots,0.54840674
2818,1,MS,roots,0.54618809
2819,1,MS,roots,0.54221285
2820,1,MS,roots,0.53648923
2821,1,MS,roots,0.53064989
2822,1,MS,roots,0.52519896
2823,1,MS,roots,0.52186264
2824,1,MS,roots,0.51685183
2825,1,MS,roots,0.51216602
2826,1,MS,roots,0.51408407
2827,1,MS,roots,0.5227798
2828,1,MS,roots,0.53805708
2829,1,MS,roots,0.55636226
2830,1,MS,roots,0.56613506
2831,1,MS,roots,0.5799718
2832,1,MS,roots,0.59521336
2833,1,MS,roots,0.61725701
2834,1,MS,roots,0.63018991
2835,1,MS,roots,0.62980857
2836,1,MS,roots,0.62778946
2837,1,MS,roots,0.62781428
2838,1,MS,roots,0.6282886
2839,1,MS,roots,0.6281066
2840,1,MS,roots,0.62756677
2841,1,MS,roots,0.62516145
2842,1,MS,roots,0.62273192
2843,1,MS,roots,0.62011438
2844,1,MS,roots,0.61787481
2845,1,MS,roots,0.61483261
2846,1,MS,roots,0.61185716
2847,1,MS,roots,0.60876478
2848,1,MS,roots,0.60438314
2849,1,MS,roots,0.60097295
2850,1,MS,roots,0.60245399
2851,1,MS,roots,0.60689175
2852,1,MS,roots,0.61754631
2853,1,MS,roots,0.63674376
2854,1,MS,roots,0.69067335
2855,1,MS,roots,0.7777351
2856,1,MS,roots,0.83245942
2857,1,MS,roots,0.86271696
2858,1,MS,roots,0.81958696
2859,1,MS,roots,0.76389031
2860,1,MS,roots,0.72714746
2861,1,MS,roots,0.71803894
2862,1,MS,roots,0.7111725
2863,1,MS,roots,0.70500759
2864,1,MS,roots,0.6976481
2865,1,MS,roots,0.68892671
2866,1,MS,roots,0.67925446
2867,1,MS,roots,0.66925787
2868,1,MS,roots,0.66027899
2869,1,MS,roots,0.65235726
2870,1,MS,roots,0.64433106
2871,1,MS,roots,0.63543998
2872,1,MS,roots,0.62892239
2873,1,MS,roots,0.62614253
2874,1,MS,roots,0.63488865
2875,1,MS,roots,0.65822802
2876,1,MS,roots,0.69247578
2877,1,MS,roots,0.73518511
2878,1,MS,roots,0.77635654
2879,1,MS,roots,0.84633212
2880,1,MS,roots,0.97564584
2881,1,MS,roots,1.0115592
2882,1,MS,roots,0.9586786
2883,1,MS,roots,0.90943717
2884,1,MS,roots,0.89818482
2885,1,MS,roots,0.89087286
2886,1,MS,roots,0.88424518
2887,1,MS,roots,0.87713101
2888,1,MS,roots,0.86809306
2889,1,MS,roots,0.85788257
2890,1,MS,roots,0.84839606
2891,1,MS,roots,0.83892885
2892,1,MS,roots,0.82829837
2893,1,MS,roots,0.81525899
2894,1,MS,roots,0.80732661
2895,1,MS,roots,0.80252443
2896,1,MS,roots,0.79768327
2897,1,MS,roots,0.79457615
2898,1,MS,roots,0.8003535
2899,1,MS,roots,0.8159099
2900,1,MS,roots,0.8367118
2901,1,MS,roots,0.8567115
2902,1,MS,roots,0.88074211
2903,1,MS,roots,0.91271871
2904,1,MS,roots,0.96281621
2905,1,MS,roots,0.98183954
2906,1,MS,roots,0.95603456
2907,1,MS,roots,0.95106529
2908,1,MS,roots,0.94783221
2909,1,MS,roots,0.94273213
2910,1,MS,roots,0.93538574
2911,1,MS,roots,0.92683504
2912,1,MS,roots,0.91573721
2913,1,MS,roots,0.90473674
2914,1,MS,roots,0.89875608
2915,1,MS,roots,0.89159994
2916,1,MS,roots,0.88639624
2917,1,MS,roots,0.88104043
2918,1,MS,roots,0.87575432
2919,1,MS,roots,0.87042181
2920,1,MS,roots,0.86507347
2921,1,MS,roots,0.86069608
2922,1,MS,roots,0.85854523
2923,1,MS,roots,0.85868124
2924,1,MS,roots,0.86396725
2925,1,MS,roots,0.88895582
2926,1,MS,roots,0.92238317
2927,1,MS,roots,0.97479481
2928,1,MS,roots,1.11742176
2929,1,MS,roots,1.15041199
2930,1,MS,roots,1.07676204
2931,1,MS,roots,1.00895925
2932,1,MS,roots,0.99637404
2933,1,MS,roots,0.990006
2934,1,MS,roots,0.9850369
2935,1,MS,roots,0.98015497
2936,1,MS,roots,0.97069852
2937,1,MS,roots,0.96476186
2938,1,MS,roots,0.96047344
2939,1,MS,roots,0.96106621
2940,1,MS,roots,0.96632677
2941,1,MS,roots,0.97769902
2942,1,MS,roots,0.98754931
2943,1,MS,roots,0.99806358
2944,1,MS,roots,1.00292144
2945,1,MS,roots,1.00837527
2946,1,MS,roots,1.04177458
2947,1,MS,roots,1.11654916
2948,1,MS,roots,1.20101179
2949,1,MS,roots,1.54607922
2950,1,MS,roots,1.76775103
2951,1,MS,roots,1.80016781
2952,1,MS,roots,1.77017656
2953,1,MS,roots,1.71848004
2954,1,MS,roots,1.61944376
2955,1,MS,roots,1.53977203
2956,1,MS,roots,1.50563101
2957,1,MS,roots,1.49985799
2958,1,MS,roots,1.43827422
2959,1,MS,roots,1.43263572
2960,1,MS,roots,1.38676596
2961,1,MS,roots,1.30497636
2962,1,MS,roots,1.3008807
2963,1,MS,roots,1.2606382
2964,1,MS,roots,1.30646554
2965,1,MS,roots,1.32746405
2966,1,MS,roots,1.32300949
2967,1,MS,roots,1.3565621
2968,1,MS,roots,1.3134174
2969,1,MS,roots,1.35906629
2970,1,MS,roots,1.39610841
2971,1,MS,roots,1.43485895
2972,1,MS,roots,1.51129824
2973,1,MS,roots,1.43867578
2974,1,MS,roots,1.86315126
2975,1,MS,roots,1.87121591
2976,1,MS,roots,1.99752398
2977,1,MS,roots,1.87214966
2978,1,MS,roots,1.6425167
2979,1,MS,roots,1.48424539
2980,1,MS,roots,1.28767427
2981,1,MS,roots,1.20558039
2982,1,MS,roots,1.2777413
2983,1,MS,roots,1.32716054
2984,1,MS,roots,1.28899959
2985,1,MS,roots,1.18181576
2986,1,MS,roots,1.18146939
2987,1,MS,roots,1.1925442
2988,1,MS,roots,1.25039041
2989,1,MS,roots,1.19098939
2990,1,MS,roots,1.20113726
2991,1,MS,roots,1.24576961
2992,1,MS,roots,1.23165806
2993,1,MS,roots,1.27105445
2994,1,MS,roots,1.342255
2995,1,MS,roots,1.47583303
2996,1,MS,roots,1.20458147
2997,1,MS,roots,1.45879895
2998,1,MS,roots,1.39070809
2999,1,MS,roots,1.55553176
3000,1,MS,roots,1.55517397
3001,1,MS,roots,1.59445931
3002,1,MS,roots,1.57725891
3003,1,MS,roots,1.49170913
3004,1,MS,roots,1.40912502
3005,1,MS,roots,1.36854462
3006,1,MS,roots,1.46117982
3007,1,MS,roots,1.51359084
3008,1,MS,roots,1.32074504
3009,1,MS,roots,1.31674473
3010,1,MS,roots,1.31302354
3011,1,MS,roots,1.31253429
3012,1,MS,roots,1.31318877
3013,1,MS,roots,1.31563833
3014,1,MS,roots,1.31650941
3015,1,MS,roots,1.32045225
3016,1,MS,roots,1.32418077
3017,1,MS,roots,1.3269339
3018,1,MS,roots,1.3406722
3019,1,MS,roots,1.37652424
3020,1,MS,roots,1.41550433
3021,1,MS,roots,1.47431134
3022,1,MS,roots,1.53659019
3023,1,MS,roots,1.60272422
3024,1,MS,roots,1.67869595
3025,1,MS,roots,1.70630782
3026,1,MS,roots,1.71097984
3027,1,MS,roots,1.70581801
3028,1,MS,roots,1.69576576
3029,1,MS,roots,1.68279937
3030,1,MS,roots,1.66979586
3031,1,MS,roots,1.65744592
3032,1,MS,roots,1.64314698
3033,1,MS,roots,1.62747097
3034,1,MS,roots,1.61435715
3035,1,MS,roots,1.60243331
3036,1,MS,roots,1.5906724
3037,1,MS,roots,1.57736015
3038,1,MS,roots,1.56383625
3039,1,MS,roots,1.55015611
3040,1,MS,roots,1.53827002
3041,1,MS,roots,1.52907625
3042,1,MS,roots,1.52605197
3043,1,MS,roots,1.53957619
3044,1,MS,roots,1.56310166
3045,1,MS,roots,1.58319125
3046,1,MS,roots,1.60217602
3047,1,MS,roots,1.62806215
3048,1,MS,roots,1.62744073
3049,1,MS,roots,1.61942898
3050,1,MS,roots,1.60436356
3051,1,MS,roots,1.5829121
3052,1,MS,roots,1.56121045
3053,1,MS,roots,1.54143589
3054,1,MS,roots,1.52153893
3055,1,MS,roots,1.50586337
3056,1,MS,roots,1.48890336
3057,1,MS,roots,1.47394549
3058,1,MS,roots,1.45661552
3059,1,MS,roots,1.44010715
3060,1,MS,roots,1.42228074
3061,1,MS,roots,1.40453329
3062,1,MS,roots,1.38756581
3063,1,MS,roots,1.37168059
3064,1,MS,roots,1.3544663
3065,1,MS,roots,1.33920349
3066,1,MS,roots,1.33014658
3067,1,MS,roots,1.33635907
3068,1,MS,roots,1.35491664
3069,1,MS,roots,1.43146718
3070,1,MS,roots,1.51759179
3071,1,MS,roots,1.59231736
3072,1,MS,roots,1.64866741
3073,1,MS,roots,1.71119105
3074,1,MS,roots,1.70914749
3075,1,MS,roots,1.68456118
3076,1,MS,roots,1.65201718
3077,1,MS,roots,1.61816949
3078,1,MS,roots,1.58336736
3079,1,MS,roots,1.54876345
3080,1,MS,roots,1.51543982
3081,1,MS,roots,1.48340505
3082,1,MS,roots,1.45418098
3083,1,MS,roots,1.42536131
3084,1,MS,roots,1.40071593
3085,1,MS,roots,1.37907019
3086,1,MS,roots,1.35862058
3087,1,MS,roots,1.33857186
3088,1,MS,roots,1.31683498
3089,1,MS,roots,1.30168962
3090,1,MS,roots,1.29138225
3091,1,MS,roots,1.28654934
3092,1,MS,roots,1.29024563
3093,1,MS,roots,1.29362084
3094,1,MS,roots,1.29301385
3095,1,MS,roots,1.28863823
3096,1,MS,roots,1.27548011
3097,1,MS,roots,1.25928154
3098,1,MS,roots,1.23751349
3099,1,MS,roots,1.21432846
3100,1,MS,roots,1.19119621
3101,1,MS,roots,1.16630389
3102,1,MS,roots,1.14697586
3103,1,MS,roots,1.12361573
3104,1,MS,roots,1.10239552
3105,1,MS,roots,1.084364
3106,1,MS,roots,1.06793462
3107,1,MS,roots,1.0531689
3108,1,MS,roots,1.03767825
3109,1,MS,roots,1.02532053
3110,1,MS,roots,1.009133
3111,1,MS,roots,0.99416774
3112,1,MS,roots,0.98090536
3113,1,MS,roots,0.97659775
3114,1,MS,roots,0.99417651
3115,1,MS,roots,1.04543639
3116,1,MS,roots,1.10007857
3117,1,MS,roots,1.15758174
3118,1,MS,roots,1.22322216
3119,1,MS,roots,1.26695124
3120,1,MS,roots,1.28676164
3121,1,MS,roots,1.3172968
3122,1,MS,roots,1.33934584
3123,1,MS,roots,1.33957685
3124,1,MS,roots,1.33249187
3125,1,MS,roots,1.31687362
3126,1,MS,roots,1.29711212
3127,1,MS,roots,1.27301484
3128,1,MS,roots,1.24686679
3129,1,MS,roots,1.22234722
3130,1,MS,roots,1.20088637
3131,1,MS,roots,1.18506558
3132,1,MS,roots,1.17185157
3133,1,MS,roots,1.16360624
3134,1,MS,roots,1.16162349
3135,1,MS,roots,1.15932704
3136,1,MS,roots,1.16007389
3137,1,MS,roots,1.16854563
3138,1,MS,roots,1.19706907
3139,1,MS,roots,1.23985676
3140,1,MS,roots,1.29121029
3141,1,MS,roots,1.35604913
3142,1,MS,roots,1.43307016
3143,1,MS,roots,1.5125377
3144,1,MS,roots,1.57541059
3145,1,MS,roots,1.62808838
3146,1,MS,roots,1.65880159
3147,1,MS,roots,1.66196767
3148,1,MS,roots,1.65543424
3149,1,MS,roots,1.64249883
3150,1,MS,roots,1.62885727
3151,1,MS,roots,1.61706139
3152,1,MS,roots,1.60564382
3153,1,MS,roots,1.59194893
3154,1,MS,roots,1.57899159
3155,1,MS,roots,1.5690274
3156,1,MS,roots,1.56058262
3157,1,MS,roots,1.55391578
3158,1,MS,roots,1.55210791
3159,1,MS,roots,1.55333145
3160,1,MS,roots,1.55540378
3161,1,MS,roots,1.56100936
3162,1,MS,roots,1.56631619
3163,1,MS,roots,1.57375833
3164,1,MS,roots,1.58330691
3165,1,MS,roots,1.58873281
3166,1,MS,roots,1.60061614
3167,1,MS,roots,1.61047775
3168,1,MS,roots,1.61082845
3169,1,MS,roots,1.60230052
3170,1,MS,roots,1.5885806
3171,1,MS,roots,1.56508484
3172,1,MS,roots,1.54053922
3173,1,MS,roots,1.51890125
3174,1,MS,roots,1.49789086
3175,1,MS,roots,1.47515797
3176,1,MS,roots,1.44993798
3177,1,MS,roots,1.42102806
3178,1,MS,roots,1.39953217
3179,1,MS,roots,1.38160112
3180,1,MS,roots,1.3735142
3181,1,MS,roots,1.36959033
3182,1,MS,roots,1.37296944
3183,1,MS,roots,1.37898533
3184,1,MS,roots,1.38237081
3185,1,MS,roots,1.39952455
3186,1,MS,roots,1.4436696
3187,1,MS,roots,1.53548865
3188,1,MS,roots,1.63534036
3189,1,MS,roots,1.75866377
3190,1,MS,roots,1.88162461
3191,1,MS,roots,1.98436869
3192,1,MS,roots,2.05700306
3193,1,MS,roots,2.1031662
3194,1,MS,roots,2.11335933
3195,1,MS,roots,2.10509752
3196,1,MS,roots,2.08347385
3197,1,MS,roots,2.05874632
3198,1,MS,roots,2.03295358
3199,1,MS,roots,2.004623
3200,1,MS,roots,1.97347477
3201,1,MS,roots,1.94078556
3202,1,MS,roots,1.90987466
3203,1,MS,roots,1.88338075
3204,1,MS,roots,1.87094298
3205,1,MS,roots,1.86781972
3206,1,MS,roots,1.87067288
3207,1,MS,roots,1.87860252
3208,1,MS,roots,1.89389836
3209,1,MS,roots,1.91007406
3210,1,MS,roots,1.92724812
3211,1,MS,roots,1.93506698
3212,1,MS,roots,1.95463346
3213,1,MS,roots,1.9825332
3214,1,MS,roots,2.03607831
3215,1,MS,roots,2.10171609
3216,1,MS,roots,2.14962707
3217,1,MS,roots,2.16954733
3218,1,MS,roots,2.16394187
3219,1,MS,roots,2.13922879
3220,1,MS,roots,2.11548193
3221,1,MS,roots,2.09453509
3222,1,MS,roots,2.07507557
3223,1,MS,roots,2.05882297
3224,1,MS,roots,2.04069338
3225,1,MS,roots,2.02251087
3226,1,MS,roots,2.00948815
3227,1,MS,roots,2.00365441
3228,1,MS,roots,2.00674364
3229,1,MS,roots,2.0153905
3230,1,MS,roots,2.03596598
3231,1,MS,roots,2.05339645
3232,1,MS,roots,2.06987578
3233,1,MS,roots,2.08772756
3234,1,MS,roots,2.12159706
3235,1,MS,roots,2.23976522
3236,1,MS,roots,2.36498823
3237,1,MS,roots,2.52032666
3238,1,MS,roots,2.63671961
3239,1,MS,roots,2.67513974
3240,1,MS,roots,2.66688264
3241,1,MS,roots,2.6345361
3242,1,MS,roots,2.6007275
3243,1,MS,roots,2.56346792
3244,1,MS,roots,2.52902322
3245,1,MS,roots,2.4962958
3246,1,MS,roots,2.45644601
3247,1,MS,roots,2.41340959
3248,1,MS,roots,2.36903715
3249,1,MS,roots,2.32778241
3250,1,MS,roots,2.30031498
3251,1,MS,roots,2.28381956
3252,1,MS,roots,2.27405282
3253,1,MS,roots,2.27313409
3254,1,MS,roots,2.2765797
3255,1,MS,roots,2.28037875
3256,1,MS,roots,2.28696415
3257,1,MS,roots,2.31895037
3258,1,MS,roots,2.40637819
3259,1,MS,roots,2.52404316
3260,1,MS,roots,2.66081201
3261,1,MS,roots,2.76397316
3262,1,MS,roots,2.89039171
3263,1,MS,roots,2.96622532
3264,1,MS,roots,3.05421135
3265,1,MS,roots,3.10008391
3266,1,MS,roots,3.11358375
3267,1,MS,roots,3.1023292
3268,1,MS,roots,3.08182493
3269,1,MS,roots,3.05675497
3270,1,MS,roots,3.03014881
3271,1,MS,roots,3.00563171
3272,1,MS,roots,2.9812635
3273,1,MS,roots,2.96675276
3274,1,MS,roots,2.95435836
3275,1,MS,roots,2.94485479
3276,1,MS,roots,2.94128849
3277,1,MS,roots,2.9413038
3278,1,MS,roots,2.93940775
3279,1,MS,roots,2.94563748
3280,1,MS,roots,2.95697569
3281,1,MS,roots,2.97103357
3282,1,MS,roots,2.99482116
3283,1,MS,roots,3.02758494
3284,1,MS,roots,3.05997847
3285,1,MS,roots,3.07644904
3286,1,MS,roots,3.08355897
3287,1,MS,roots,3.08594833
3288,1,MS,roots,3.07578064
3289,1,MS,roots,3.05502309
3290,1,MS,roots,3.01646755
3291,1,MS,roots,2.97569742
3292,1,MS,roots,2.93226329
3293,1,MS,roots,2.892267
3294,1,MS,roots,2.85719877
3295,1,MS,roots,2.8260078
3296,1,MS,roots,2.79597641
3297,1,MS,roots,2.76678453
3298,1,MS,roots,2.74181579
3299,1,MS,roots,2.71088162
3300,1,MS,roots,2.68496018
3301,1,MS,roots,2.66615064
3302,1,MS,roots,2.64637271
3303,1,MS,roots,2.62321765
3304,1,MS,roots,2.59798793
3305,1,MS,roots,2.58387014
3306,1,MS,roots,2.58826852
3307,1,MS,roots,2.63054321
3308,1,MS,roots,2.82289927
3309,1,MS,roots,2.96427045
3310,1,MS,roots,3.0342613
3311,1,MS,roots,3.07078613
3312,1,MS,roots,3.09705534
3313,1,MS,roots,3.09869345
3314,1,MS,roots,3.08774208
3315,1,MS,roots,3.03912532
3316,1,MS,roots,2.98291536
3317,1,MS,roots,2.91118915
3318,1,MS,roots,2.83350981
3319,1,MS,roots,2.74681727
3320,1,MS,roots,2.66036678
3321,1,MS,roots,2.56723394
3322,1,MS,roots,2.48043465
3323,1,MS,roots,2.40405166
3324,1,MS,roots,2.3348282
3325,1,MS,roots,2.27851279
3326,1,MS,roots,2.2100963
3327,1,MS,roots,2.13506176
3328,1,MS,roots,2.07153451
3329,1,MS,roots,2.02495494
3330,1,MS,roots,2.0255354
3331,1,MS,roots,2.05592631
3332,1,MS,roots,2.1017889
3333,1,MS,roots,2.10675243
3334,1,MS,roots,2.10817698
3335,1,MS,roots,2.1780978
3336,1,MS,roots,2.26430201
3337,1,MS,roots,2.30440444
3338,1,MS,roots,2.31067021
3339,1,MS,roots,2.28639687
3340,1,MS,roots,2.24293398
3341,1,MS,roots,2.18889219
3342,1,MS,roots,2.12986992
3343,1,MS,roots,2.06958071
3344,1,MS,roots,2.00765403
3345,1,MS,roots,1.94738404
3346,1,MS,roots,1.89068534
3347,1,MS,roots,1.83610331
3348,1,MS,roots,1.78509779
3349,1,MS,roots,1.73637245
3350,1,MS,roots,1.69694735
3351,1,MS,roots,1.6672801
3352,1,MS,roots,1.63366764
3353,1,MS,roots,1.60247073
3354,1,MS,roots,1.5859655
3355,1,MS,roots,1.60711604
3356,1,MS,roots,1.65410681
3357,1,MS,roots,1.74331527
3358,1,MS,roots,1.86506897
3359,1,MS,roots,1.95603271
3360,1,MS,roots,2.01473983
3361,1,MS,roots,2.0574368
3362,1,MS,roots,2.08609411
3363,1,MS,roots,2.09586342
3364,1,MS,roots,2.09121798
3365,1,MS,roots,2.07714447
3366,1,MS,roots,2.0582375
3367,1,MS,roots,2.03610094
3368,1,MS,roots,2.00710546
3369,1,MS,roots,1.97538524
3370,1,MS,roots,1.94306056
3371,1,MS,roots,1.91606019
3372,1,MS,roots,1.89286789
3373,1,MS,roots,1.86863028
3374,1,MS,roots,1.84503008
3375,1,MS,roots,1.81279384
3376,1,MS,roots,1.78506531
3377,1,MS,roots,1.7554873
3378,1,MS,roots,1.75745552
3379,1,MS,roots,1.8020232
3380,1,MS,roots,1.85058526
3381,1,MS,roots,1.91175629
3382,1,MS,roots,1.95877359
3383,1,MS,roots,1.99632292
3384,1,MS,roots,2.01685568
3385,1,MS,roots,2.03266464
3386,1,MS,roots,2.04551115
3387,1,MS,roots,2.04108884
3388,1,MS,roots,2.02973756
3389,1,MS,roots,2.01347436
3390,1,MS,roots,1.99347074
3391,1,MS,roots,1.96916916
3392,1,MS,roots,1.94231914
3393,1,MS,roots,1.91304368
3394,1,MS,roots,1.88545084
3395,1,MS,roots,1.8674963
3396,1,MS,roots,1.85284998
3397,1,MS,roots,1.83739094
3398,1,MS,roots,1.82533536
3399,1,MS,roots,1.81630359
3400,1,MS,roots,1.80257599
3401,1,MS,roots,1.79256749
3402,1,MS,roots,1.8189802
3403,1,MS,roots,1.85277307
3404,1,MS,roots,1.91400966
3405,1,MS,roots,1.99441571
3406,1,MS,roots,2.09165774
3407,1,MS,roots,2.16894064
3408,1,MS,roots,2.23109553
3409,1,MS,roots,2.28425869
3410,1,MS,roots,2.32298733
3411,1,MS,roots,2.33387431
3412,1,MS,roots,2.32853848
3413,1,MS,roots,2.31521692
3414,1,MS,roots,2.29746515
3415,1,MS,roots,2.27709487
3416,1,MS,roots,2.25238347
3417,1,MS,roots,2.22797507
3418,1,MS,roots,2.21085565
3419,1,MS,roots,2.20099584
3420,1,MS,roots,2.19611613
3421,1,MS,roots,2.19116011
3422,1,MS,roots,2.19344083
3423,1,MS,roots,2.19821992
3424,1,MS,roots,2.20976831
3425,1,MS,roots,2.20528402
3426,1,MS,roots,2.21145732
3427,1,MS,roots,2.22723468
3428,1,MS,roots,2.24713458
3429,1,MS,roots,2.28939928
3430,1,MS,roots,2.34524103
3431,1,MS,roots,2.40566928
3432,1,MS,roots,2.44544109
3433,1,MS,roots,2.46429262
3434,1,MS,roots,2.48330258
3435,1,MS,roots,2.4761943
3436,1,MS,roots,2.45992414
3437,1,MS,roots,2.4453668
3438,1,MS,roots,2.43573966
3439,1,MS,roots,2.42782198
3440,1,MS,roots,2.41615551
3441,1,MS,roots,2.40376553
3442,1,MS,roots,2.39448928
3443,1,MS,roots,2.38518828
3444,1,MS,roots,2.37659151
3445,1,MS,roots,2.35998528
3446,1,MS,roots,2.34596586
3447,1,MS,roots,2.33589547
3448,1,MS,roots,2.33583917
3449,1,MS,roots,2.34868074
3450,1,MS,roots,2.36729536
3451,1,MS,roots,2.39314287
3452,1,MS,roots,2.42378184
3453,1,MS,roots,2.45133242
3454,1,MS,roots,2.48212018
3455,1,MS,roots,2.51984031
3456,1,MS,roots,2.54766586
3457,1,MS,roots,2.57696036
3458,1,MS,roots,2.62071797
3459,1,MS,roots,2.64275913
3460,1,MS,roots,2.65578551
3461,1,MS,roots,2.66023235
3462,1,MS,roots,2.65887951
3463,1,MS,roots,2.65178578
3464,1,MS,roots,2.64229258
3465,1,MS,roots,2.63049822
3466,1,MS,roots,2.62262594
3467,1,MS,roots,2.61981838
3468,1,MS,roots,2.61834016
3469,1,MS,roots,2.62016822
3470,1,MS,roots,2.63510945
3471,1,MS,roots,2.64404097
3472,1,MS,roots,2.64915321
3473,1,MS,roots,2.66325463
3474,1,MS,roots,2.69770751
3475,1,MS,roots,2.73095844
3476,1,MS,roots,2.78633491
3477,1,MS,roots,2.99097627
3478,1,MS,roots,3.12430392
3479,1,MS,roots,3.22252648
3480,1,MS,roots,3.28726192
3481,1,MS,roots,3.30099518
3482,1,MS,roots,3.2851529
3483,1,MS,roots,3.24791399
3484,1,MS,roots,3.1914778
3485,1,MS,roots,3.13013782
3486,1,MS,roots,3.07066181
3487,1,MS,roots,3.01167107
3488,1,MS,roots,2.9504769
3489,1,MS,roots,2.89223763
3490,1,MS,roots,2.84309406
3491,1,MS,roots,2.79940254
3492,1,MS,roots,2.75861348
3493,1,MS,roots,2.72471185
3494,1,MS,roots,2.69670113
3495,1,MS,roots,2.67773921
3496,1,MS,roots,2.66204345
3497,1,MS,roots,2.66126831
3498,1,MS,roots,2.6658009
3499,1,MS,roots,2.67518639
3500,1,MS,roots,2.70501951
3501,1,MS,roots,2.76043511
3502,1,MS,roots,2.89760738
3503,1,MS,roots,3.03422106
3504,1,MS,roots,3.12563409
3505,1,MS,roots,3.1931089
3506,1,MS,roots,3.22114196
3507,1,MS,roots,3.21031822
3508,1,MS,roots,3.1723372
3509,1,MS,roots,3.12384979
3510,1,MS,roots,3.07251741
3511,1,MS,roots,3.01763549
3512,1,MS,roots,2.96186415
3513,1,MS,roots,2.9090805
3514,1,MS,roots,2.87701693
3515,1,MS,roots,2.8544501
3516,1,MS,roots,2.84213726
3517,1,MS,roots,2.84428561
3518,1,MS,roots,2.85560078
3519,1,MS,roots,2.87286817
3520,1,MS,roots,2.89675707
3521,1,MS,roots,2.98219798
3522,1,MS,roots,3.13177848
3523,1,MS,roots,3.30616817
3524,1,MS,roots,3.61277724
3525,1,MS,roots,3.90864387
3526,1,MS,roots,4.20038109
3527,1,MS,roots,4.47852982
3528,1,MS,roots,4.71059502
3529,1,MS,roots,4.88341202
3530,1,MS,roots,4.97374363
3531,1,MS,roots,4.97964972
3532,1,MS,roots,4.94248755
3533,1,MS,roots,4.8878618
3534,1,MS,roots,4.82282909
3535,1,MS,roots,4.74795735
3536,1,MS,roots,4.66498552
3537,1,MS,roots,4.58887377
3538,1,MS,roots,4.53863109
3539,1,MS,roots,4.51811164
3540,1,MS,roots,4.54096405
3541,1,MS,roots,4.57844089
3542,1,MS,roots,4.62229058
3543,1,MS,roots,4.66565128
3544,1,MS,roots,4.719065
3545,1,MS,roots,4.82187326
3546,1,MS,roots,5.01612946
3547,1,MS,roots,5.32631276
3548,1,MS,roots,5.64659569
3549,1,MS,roots,5.9362389
3550,1,MS,roots,6.22054528
3551,1,MS,roots,6.48177556
3552,1,MS,roots,6.67780181
3553,1,MS,roots,6.76893831
3554,1,MS,roots,6.7566471
3555,1,MS,roots,6.66968064
3556,1,MS,roots,6.54993087
3557,1,MS,roots,6.41774619
3558,1,MS,roots,6.29172858
3559,1,MS,roots,6.14984094
3560,1,MS,roots,5.99813846
3561,1,MS,roots,5.84908852
3562,1,MS,roots,5.71968951
3563,1,MS,roots,5.61505776
3564,1,MS,roots,5.54451562
3565,1,MS,roots,5.49847208
3566,1,MS,roots,5.47214692
3567,1,MS,roots,5.43636728
3568,1,MS,roots,5.407938
3569,1,MS,roots,5.47923957
3570,1,MS,roots,5.56479531
3571,1,MS,roots,5.81703156
3572,1,MS,roots,6.09525722
3573,1,MS,roots,6.37527194
3574,1,MS,roots,6.64191589
3575,1,MS,roots,6.8390176
3576,1,MS,roots,6.92626496
3577,1,MS,roots,6.90006283
3578,1,MS,roots,6.7804245
3579,1,MS,roots,6.60318004
3580,1,MS,roots,6.40601137
3581,1,MS,roots,6.20884426
3582,1,MS,roots,6.00397774
3583,1,MS,roots,5.80574692
3584,1,MS,roots,5.60789609
3585,1,MS,roots,5.41883046
3586,1,MS,roots,5.27140238
3587,1,MS,roots,5.15850773
3588,1,MS,roots,5.08243708
3589,1,MS,roots,5.01378648
3590,1,MS,roots,4.96072425
3591,1,MS,roots,4.9109124
3592,1,MS,roots,4.87025833
3593,1,MS,roots,4.89039587
3594,1,MS,roots,4.98725695
3595,1,MS,roots,5.23017539
3596,1,MS,roots,5.48875701
3597,1,MS,roots,5.75293729
3598,1,MS,roots,5.99860189
3599,1,MS,roots,6.1834574
3600,1,MS,roots,6.31561679
3601,1,MS,roots,6.37913763
3602,1,MS,roots,6.3480181
3603,1,MS,roots,6.23971338
3604,1,MS,roots,6.07650395
3605,1,MS,roots,5.89156615
3606,1,MS,roots,5.70016477
3607,1,MS,roots,5.5069963
3608,1,MS,roots,5.34383223
3609,1,MS,roots,5.18895385
3610,1,MS,roots,5.06162914
3611,1,MS,roots,4.97142105
3612,1,MS,roots,4.90667435
3613,1,MS,roots,4.86210168
3614,1,MS,roots,4.83369752
3615,1,MS,roots,4.82966535
3616,1,MS,roots,4.84526415
3617,1,MS,roots,4.93298304
3618,1,MS,roots,5.10603274
3619,1,MS,roots,5.3377217
3620,1,MS,roots,5.58098426
3621,1,MS,roots,5.78625154
3622,1,MS,roots,5.97277611
3623,1,MS,roots,6.10883743
3624,1,MS,roots,6.18833377
3625,1,MS,roots,6.18273538
3626,1,MS,roots,6.10280093
3627,1,MS,roots,5.96084074
3628,1,MS,roots,5.78764667
3629,1,MS,roots,5.64163663
3630,1,MS,roots,5.4888219
3631,1,MS,roots,5.35387832
3632,1,MS,roots,5.22364205
3633,1,MS,roots,5.1079539
3634,1,MS,roots,5.04069986
3635,1,MS,roots,5.01140677
3636,1,MS,roots,4.99619702
3637,1,MS,roots,5.00652569
3638,1,MS,roots,5.04450146
3639,1,MS,roots,5.09905542
3640,1,MS,roots,5.16913967
3641,1,MS,roots,5.28255032
3642,1,MS,roots,5.48696843
3643,1,MS,roots,5.73257882
3644,1,MS,roots,5.97476408
3645,1,MS,roots,6.17633855
3646,1,MS,roots,6.32957576
3647,1,MS,roots,6.4135811
3648,1,MS,roots,6.427248
3649,1,MS,roots,6.36714656
3650,1,MS,roots,6.264247
3651,1,MS,roots,6.12498059
3652,1,MS,roots,5.97169963
3653,1,MS,roots,5.82364659
3654,1,MS,roots,5.68486811
3655,1,MS,roots,5.56170049
3656,1,MS,roots,5.44249815
3657,1,MS,roots,5.33028354
3658,1,MS,roots,5.29688888
3659,1,MS,roots,5.26737016
3660,1,MS,roots,5.2723033
3661,1,MS,roots,5.30315376
3662,1,MS,roots,5.35431057
3663,1,MS,roots,5.42364845
3664,1,MS,roots,5.49366541
3665,1,MS,roots,5.6463064
3666,1,MS,roots,5.85139938
3667,1,MS,roots,6.07907514
3668,1,MS,roots,6.28969272
3669,1,MS,roots,6.4595689
3670,1,MS,roots,6.58317283
3671,1,MS,roots,6.64630577
3672,1,MS,roots,6.63748422
3673,1,MS,roots,6.58846487
3674,1,MS,roots,6.49357386
3675,1,MS,roots,6.32315054
3676,1,MS,roots,6.13967262
3677,1,MS,roots,5.97838486
3678,1,MS,roots,5.83545159
3679,1,MS,roots,5.69142872
3680,1,MS,roots,5.54789791
3681,1,MS,roots,5.43279886
3682,1,MS,roots,5.38128092
3683,1,MS,roots,5.32758622
3684,1,MS,roots,5.2842526
3685,1,MS,roots,5.27517013
3686,1,MS,roots,5.3099952
3687,1,MS,roots,5.3742001
3688,1,MS,roots,5.4296734
3689,1,MS,roots,5.54686854
3690,1,MS,roots,5.67119756
3691,1,MS,roots,5.71928004
3692,1,MS,roots,5.78273993
3693,1,MS,roots,5.85171833
3694,1,MS,roots,5.92407474
3695,1,MS,roots,5.92031743
3696,1,MS,roots,5.86053381
3697,1,MS,roots,5.72250503
3698,1,MS,roots,5.5438941
3699,1,MS,roots,5.35732419
3700,1,MS,roots,5.18220305
3701,1,MS,roots,5.02958372
3702,1,MS,roots,4.90016775
3703,1,MS,roots,4.77531385
3704,1,MS,roots,4.64541901
3705,1,MS,roots,4.53774677
3706,1,MS,roots,4.464683
3707,1,MS,roots,4.40739585
3708,1,MS,roots,4.39340416
3709,1,MS,roots,4.38803323
3710,1,MS,roots,4.38257368
3711,1,MS,roots,4.39244804
3712,1,MS,roots,4.39738113
3713,1,MS,roots,4.45684088
3714,1,MS,roots,4.56749663
3715,1,MS,roots,4.66638495
3716,1,MS,roots,4.75318375
3717,1,MS,roots,4.78373436
3718,1,MS,roots,4.79255236
3719,1,MS,roots,4.76185518
3720,1,MS,roots,4.70850983
3721,1,MS,roots,4.61927044
3722,1,MS,roots,4.51340299
3723,1,MS,roots,4.39808901
3724,1,MS,roots,4.27083315
3725,1,MS,roots,4.15793297
3726,1,MS,roots,4.04239063
3727,1,MS,roots,3.93243083
3728,1,MS,roots,3.82288498
3729,1,MS,roots,3.73192806
3730,1,MS,roots,3.6885062
3731,1,MS,roots,3.64970326
3732,1,MS,roots,3.6392878
3733,1,MS,roots,3.639929
3734,1,MS,roots,3.64334773
3735,1,MS,roots,3.65480665
3736,1,MS,roots,3.66715506
3737,1,MS,roots,3.70245641
3738,1,MS,roots,3.7519495
3739,1,MS,roots,3.8090735
3740,1,MS,roots,3.87396018
3741,1,MS,roots,3.88955907
3742,1,MS,roots,3.89184391
3743,1,MS,roots,3.88690848
3744,1,MS,roots,3.86103827
3745,1,MS,roots,3.83139577
3746,1,MS,roots,3.78129997
3747,1,MS,roots,3.71882413
3748,1,MS,roots,3.65578483
3749,1,MS,roots,3.58584962
3750,1,MS,roots,3.52713604
3751,1,MS,roots,3.45450309
3752,1,MS,roots,3.39290805
3753,1,MS,roots,3.34268911
3754,1,MS,roots,3.31037698
3755,1,MS,roots,3.2857598
3756,1,MS,roots,3.26553361
3757,1,MS,roots,3.25263517
3758,1,MS,roots,3.24331369
3759,1,MS,roots,3.22676801
3760,1,MS,roots,3.21271334
3761,1,MS,roots,3.20829746
3762,1,MS,roots,3.20661437
3763,1,MS,roots,3.18707389
3764,1,MS,roots,3.16403206
3765,1,MS,roots,3.11542062
3766,1,MS,roots,3.0609449
3767,1,MS,roots,3.00248228
3768,1,MS,roots,2.93674123
3769,1,MS,roots,2.87317073
3770,1,MS,roots,2.80880214
3771,1,MS,roots,2.74139319
3772,1,MS,roots,2.67234486
3773,1,MS,roots,2.60118878
3774,1,MS,roots,2.53782087
3775,1,MS,roots,2.47905757
3776,1,MS,roots,2.42492698
3777,1,MS,roots,2.37471148
3778,1,MS,roots,2.33182829
3779,1,MS,roots,2.29258959
3780,1,MS,roots,2.2576177
3781,1,MS,roots,2.21885552
3782,1,MS,roots,2.19403919
3783,1,MS,roots,2.17331276
3784,1,MS,roots,2.15486172
3785,1,MS,roots,2.13339238
3786,1,MS,roots,2.11042489
3787,1,MS,roots,2.09084023
3788,1,MS,roots,2.06965435
3789,1,MS,roots,2.0466039
3790,1,MS,roots,2.02645849
3791,1,MS,roots,2.00950268
3792,1,MS,roots,1.99612139
3793,1,MS,roots,1.97636663
3794,1,MS,roots,1.95315019
3795,1,MS,roots,1.92236747
3796,1,MS,roots,1.88453584
3797,1,MS,roots,1.84480304
3798,1,MS,roots,1.80872664
3799,1,MS,roots,1.77026675
3800,1,MS,roots,1.73444157
3801,1,MS,roots,1.70301115
3802,1,MS,roots,1.67200215
3803,1,MS,roots,1.64491753
3804,1,MS,roots,1.62314079
3805,1,MS,roots,1.604758
3806,1,MS,roots,1.58718034
3807,1,MS,roots,1.56801768
3808,1,MS,roots,1.55238296
3809,1,MS,roots,1.53623164
3810,1,MS,roots,1.52024407
3811,1,MS,roots,1.50433273
3812,1,MS,roots,1.4896718
3813,1,MS,roots,1.47417731
3814,1,MS,roots,1.46176935
3815,1,MS,roots,1.44831421
3816,1,MS,roots,1.43114749
3817,1,MS,roots,1.41326965
3818,1,MS,roots,1.39278593
3819,1,MS,roots,1.36995489
3820,1,MS,roots,1.34464509
3821,1,MS,roots,1.32074747
3822,1,MS,roots,1.29919038
3823,1,MS,roots,1.27898653
3824,1,MS,roots,1.25782973
3825,1,MS,roots,1.23778038
3826,1,MS,roots,1.22307638
3827,1,MS,roots,1.20418234
3828,1,MS,roots,1.18951397
3829,1,MS,roots,1.17556946
3830,1,MS,roots,1.16339928
3831,1,MS,roots,1.15125829
3832,1,MS,roots,1.13999263
3833,1,MS,roots,1.13080276
3834,1,MS,roots,1.12682423
3835,1,MS,roots,1.12624385
3836,1,MS,roots,1.12613142
3837,1,MS,roots,1.12420884
3838,1,MS,roots,1.12164167
3839,1,MS,roots,1.11908412
3840,1,MS,roots,1.1104033
3841,1,MS,roots,1.08825067
3842,1,MS,roots,1.05741511
3843,1,MS,roots,1.02249961
3844,1,MS,roots,0
3845,1,MS,roots,0
3846,1,MS,roots,0
3847,1,MS,roots,0
3848,1,MS,roots,0
3849,1,MS,roots,0
3850,1,MS,roots,0
3851,1,MS,roots,0
3852,1,MS,roots,0
3853,1,MS,roots,0
3854,1,MS,roots,0
3855,1,MS,roots,0
3856,1,MS,roots,0
3857,1,MS,roots,0
3858,1,MS,roots,0
3859,1,MS,roots,0
3860,1,MS,roots,0
3861,1,MS,roots,0
3862,1,MS,roots,0
3863,1,MS,roots,0
3864,1,MS,roots,0
3865,1,MS,roots,0
3866,1,MS,roots,0
3867,1,MS,roots,0
3868,1,MS,roots,0
3869,1,MS,roots,0
3870,1,MS,roots,0
3871,1,MS,roots,0
3872,1,MS,roots,0
3873,1,MS,roots,0
3874,1,MS,roots,0
3875,1,MS,roots,0
3876,1,MS,roots,0
3877,1,MS,roots,0
3878,1,MS,roots,0
3879,1,MS,roots,0
3880,1,MS,roots,0
3881,1,MS,roots,0
3882,1,MS,roots,0
3883,1,MS,roots,0
3884,1,MS,roots,0
3885,1,MS,roots,0
3886,1,MS,roots,0
3887,1,MS,roots,0
3888,1,MS,roots,0
3889,1,MS,roots,0
3890,1,MS,roots,0
3891,1,MS,roots,0
3892,1,MS,roots,0
3893,1,MS,roots,0
3894,1,MS,roots,0
3895,1,MS,roots,0
3896,1,MS,roots,0
3897,1,MS,roots,0
3898,1,MS,roots,0
3899,1,MS,roots,0
3900,1,MS,roots,0
3901,1,MS,roots,0
3902,1,MS,roots,0
3903,1,MS,roots,0
3904,1,MS,roots,0
3905,1,MS,roots,0
3906,1,MS,roots,0
3907,1,MS,roots,0
3908,1,MS,roots,0
3909,1,MS,roots,0
3910,1,MS,roots,0
3911,1,MS,roots,0
3912,1,MS,roots,0
3913,1,MS,roots,0
3914,1,MS,roots,0
3915,1,MS,roots,0
3916,1,MS,roots,0
3917,1,MS,roots,0
3918,1,MS,roots,0
3919,1,MS,roots,0
3920,1,MS,roots,0
3921,1,MS,roots,0
3922,1,MS,roots,0
3923,1,MS,roots,0
3924,1,MS,roots,0
3925,1,MS,roots,0
3926,1,MS,roots,0
3927,1,MS,roots,0
3928,1,MS,roots,0
3929,1,MS,roots,0
3930,1,MS,roots,0
3931,1,MS,roots,0
3932,1,MS,roots,0
3933,1,MS,roots,0
3934,1,MS,roots,0
3935,1,MS,roots,0
3936,1,MS,roots,0
3937,1,MS,roots,0
3938,1,MS,roots,0
3939,1,MS,roots,0
3940,1,MS,roots,0
3941,1,MS,roots,0
3942,1,MS,roots,0
3943,1,MS,roots,0
3944,1,MS,roots,0
3945,1,MS,roots,0
3946,1,MS,roots,0
3947,1,MS,roots,0
3948,1,MS,roots,0
3949,1,MS,roots,0
3950,1,MS,roots,0
3951,1,MS,roots,0
3952,1,MS,roots,0
3953,1,MS,roots,0
3954,1,MS,roots,0
3955,1,MS,roots,0
3956,1,MS,roots,0
3957,1,MS,roots,0
3958,1,MS,roots,0
3959,1,MS,roots,0
3960,1,MS,roots,0
3961,1,MS,roots,0
3962,1,MS,roots,0
3963,1,MS,roots,0
3964,1,MS,roots,0
3965,1,MS,roots,0
3966,1,MS,roots,0
3967,1,MS,roots,0
3968,1,MS,roots,0
3969,1,MS,roots,0
3970,1,MS,roots,0
3971,1,MS,roots,0
3972,1,MS,roots,0
3973,1,MS,roots,0
3974,1,MS,roots,0
3975,1,MS,roots,0
3976,1,MS,roots,0
3977,1,MS,roots,0
3978,1,MS,roots,0
3979,1,MS,roots,0
3980,1,MS,roots,0
3981,1,MS,roots,0
3982,1,MS,roots,0
3983,1,MS,roots,0
3984,1,MS,roots,0
3985,1,MS,roots,0
3986,1,MS,roots,0
3987,1,MS,roots,0
3988,1,MS,roots,0
3989,1,MS,roots,0
3990,1,MS,roots,0
3991,1,MS,roots,0
3992,1,MS,roots,0
3993,1,MS,roots,0
3994,1,MS,roots,0
3995,1,MS,roots,0
3996,1,MS,roots,0
3997,1,MS,roots,0
3998,1,MS,roots,0
3999,1,MS,roots,0
